Name;Faction;Class
Nevadasin;Elyos;Assassin
Sanna;Elyos;Gladiator
Lumilassa;Elyos;Assassin
Infirium;Elyos;Assassin
Squarecircle;Elyos;Assassin
Tengenn;Elyos;Assassin
Imqact;Elyos;Ranger
Annihilate;Elyos;Gladiator
Adicts;Asmo;Assassin
Believe;Elyos;Ranger
Beparalyzed;Elyos;Assassin
Szatanka;Elyos;Chanter
Nemes;Elyos;Assassin
Showmaker;Elyos;Gladiator
Hesperax;Elyos;Assassin
Aezakmi;Elyos;Assassin
Shyl;Elyos;Assassin
Thorsten;Elyos;Gladiator
Szmoludek;Elyos;Gladiator
Sentha;Elyos;Assassin
Zazael;Elyos;Templar
Iyenox;Elyos;Ranger
Meetmyjohnson;Elyos;Assassin
Reez;Elyos;Assassin
Matin;Asmo;Assassin
Waka;Elyos;Ranger
Bordercollie;Asmo;Assassin
Demoness;Elyos;Gladiator
Fanboy;Elyos;Gladiator
Eudis;Elyos;Assassin
Critrow;Elyos;Ranger
Aluka;Elyos;Gladiator
Gustovich;Elyos;Assassin
Vess;Elyos;Ranger
Futjisama;Elyos;Spiritmaster
Shurlya;Asmo;Gladiator
Ikamox;Elyos;Gladiator
Magic;Elyos;Sorcerer
Alganh;Asmo;Gladiator
Billyherrington;Elyos;Assassin
Sorrow;Asmo;Assassin
Golge;Elyos;Templar
Passmuraille;Asmo;Assassin
Daschahana;Asmo;Assassin
Mrspink;Elyos;Assassin
Shotler;Asmo;Gladiator
Mezburstmez;Asmo;Sorcerer
Kenzu;Asmo;Sorcerer
Anublt;Asmo;Gladiator
Ryzn;Asmo;Assassin
Sivis;Elyos;Assassin
Iiruka;Elyos;Templar
Lexystorm;Elyos;Chanter
Shawiix;Elyos;Ranger
Pekka;Asmo;Gladiator
Nighteuse;Elyos;Gladiator
Mordekaiser;Elyos;Gladiator
Darkincs;Asmo;Ranger
Fai;Elyos;Assassin
Emblaze;Asmo;Ranger
Xiaaao;Asmo;Gladiator
Baltaor;Asmo;Ranger
Clarielle;Elyos;Gladiator
Hrbrt;Elyos;Cleric
Boeufbourguignon;Elyos;Templar
Leicka;Asmo;Ranger
Lyarwen;Elyos;Chanter
Anubiiz;Elyos;Ranger
Paladoor;Elyos;Templar
Buffhoe;Elyos;Chanter
Drazuill;Asmo;Gladiator
Hotsaucee;Asmo;Templar
Sleephoe;Elyos;Sorcerer
Shivasoul;Elyos;Templar
Healmeplz;Elyos;Cleric
Schwarzarbeiter;Elyos;Assassin
Desolator;Elyos;Gladiator
Rekirah;Asmo;Ranger
Cino;Elyos;Sorcerer
Haisesasaki;Elyos;Templar
Zimbawer;Elyos;Gladiator
Armendo;Elyos;Assassin
Tinnuviel;Elyos;Chanter
Zeroxz;Asmo;Sorcerer
Habibqq;Elyos;Templar
Areseus;Asmo;Templar
Dispelito;Asmo;Spiritmaster
Godmachine;Asmo;Gladiator
Average;Elyos;Ranger
Skafrenningur;Asmo;Cleric
Lumirel;Asmo;Spiritmaster
Ligus;Elyos;Assassin
Arianah;Asmo;Templar
Pandoulette;Asmo;Sorcerer
Aksoha;Asmo;Gladiator
Tinkabell;Elyos;Gladiator
Kimwa;Asmo;Gladiator
Kugi;Elyos;Ranger
Schodder;Asmo;Spiritmaster
Swav;Elyos;Templar
Western;Elyos;Templar
Ksenor;Asmo;Gladiator
Hmmmm;Elyos;Ranger
Juggernautmaster;Asmo;Gladiator
Rynjitsu;Elyos;Ranger
Oljic;Asmo;Gladiator
Wolfi;Elyos;Templar
Scrino;Elyos;Gladiator
Hasu;Asmo;Ranger
Duruss;Elyos;Chanter
Desasztar;Asmo;Assassin
Xita;Elyos;Gladiator
Skylannas;Asmo;Gladiator
Typhn;Asmo;Assassin
Second;Asmo;Assassin
Shaiana;Elyos;Ranger
Braze;Asmo;Gladiator
Aenema;Elyos;Chanter
Astly;Elyos;Chanter
Spitfire;Elyos;Ranger
Bull;Elyos;Ranger
Lascar;Asmo;Ranger
Kemchup;Asmo;Sorcerer
Dizzee;Elyos;Gladiator
Zampo;Elyos;Ranger
Herrakles;Elyos;Ranger
Ashuro;Elyos;Ranger
Glax;Asmo;Gladiator
Vanko;Elyos;Spiritmaster
Netox;Asmo;Spiritmaster
Shoterline;Asmo;Ranger
Karai;Elyos;Ranger
Phirefly;Asmo;Ranger
Kimilya;Elyos;Ranger
Promathia;Asmo;Ranger
Moze;Elyos;Gladiator
Alanadel;Asmo;Ranger
Godz;Asmo;Assassin
Supermodel;Elyos;Ranger
Itshi;Asmo;Chanter
Valoscor;Asmo;Gladiator
Lavandain;Asmo;Sorcerer
Rytaxa;Elyos;Sorcerer
Schillini;Elyos;Chanter
Rucola;Elyos;Sorcerer
Bill;Elyos;Ranger
Yeeks;Asmo;Ranger
Elegiggle;Asmo;Gladiator
Sheava;Elyos;Chanter
Strohmie;Elyos;Gladiator
David;Elyos;Templar
Kageoni;Elyos;Assassin
Aramey;Asmo;Templar
Kubikiri;Elyos;Spiritmaster
Minni;Elyos;Ranger
Babi;Elyos;Ranger
Ftorm;Elyos;Ranger
Mdmx;Elyos;Templar
Senah;Elyos;Chanter
Hardcorex;Asmo;Sorcerer
Spogas;Elyos;Gladiator
Shadowboned;Asmo;Assassin
Lysa;Asmo;Templar
Kiwifruit;Elyos;Ranger
Thefallen;Asmo;Sorcerer
Secondgear;Elyos;Templar
Nagibatorochka;Asmo;Ranger
Wape;Elyos;Sorcerer
Gabone;Elyos;Sorcerer
Sheena;Asmo;Sorcerer
Joleen;Elyos;Chanter
Elfuegow;Elyos;Ranger
Docc;Elyos;Assassin
Pntrator;Elyos;Templar
Nikuya;Elyos;Ranger
Minato;Elyos;Ranger
Sazaka;Elyos;Chanter
Ghotika;Elyos;Chanter
Balou;Elyos;Ranger
Slide;Elyos;Ranger
Shameshameshame;Elyos;Sorcerer
Abysm;Asmo;Gladiator
Dovafight;Elyos;Chanter
Marvash;Asmo;Ranger
Meglaoui;Elyos;Cleric
Inch;Asmo;Spiritmaster
Bladeshade;Asmo;Assassin
Rynn;Elyos;Gladiator
Akuku;Elyos;Assassin
Peeweegunz;Elyos;Templar
Hellheim;Asmo;Templar
Xstrife;Elyos;Spiritmaster
Dimedrol;Elyos;Sorcerer
Necrophos;Elyos;Sorcerer
Andyd;Asmo;Gladiator
Peykah;Asmo;Spiritmaster
Ironic;Asmo;Ranger
Bouyakasha;Elyos;Gladiator
Nukacola;Elyos;Sorcerer
Pisadinha;Elyos;Chanter
Ciruviel;Elyos;Gladiator
Meistereda;Elyos;Chanter
Phenyla;Elyos;Spiritmaster
Kioumy;Elyos;Sorcerer
Baek;Elyos;Sorcerer
Sukunah;Elyos;Chanter
Elan;Elyos;Cleric
Sheyren;Asmo;Sorcerer
Affaffin;Elyos;Assassin
Meatshield;Elyos;Chanter
Sasuu;Elyos;Ranger
Quilia;Elyos;Ranger
Dekato;Elyos;Templar
Mercubi;Elyos;Gladiator
Stexi;Elyos;Ranger
Sentoumaru;Elyos;Gladiator
Venomous;Elyos;Assassin
Dego;Asmo;Gladiator
Tamalin;Elyos;Gladiator
Celeana;Asmo;Gladiator
Morello;Elyos;Spiritmaster
Nyxandra;Asmo;Sorcerer
Afkange;Asmo;Ranger
Alania;Asmo;Sorcerer
Astralhimmel;Elyos;Cleric
Lethalweapon;Elyos;Ranger
Chibyoukai;Asmo;Cleric
Schagrar;Asmo;Sorcerer
Konichi;Elyos;Spiritmaster
Astralys;Elyos;Sorcerer
Aatxe;Asmo;Sorcerer
Ifera;Elyos;Sorcerer
Ach;Elyos;Gladiator
Kekw;Elyos;Ranger
Myomi;Elyos;Chanter
Charon;Asmo;Spiritmaster
Lullabyy;Asmo;Ranger
Tchoutchouuu;Elyos;Gladiator
Lastalive;Elyos;Cleric
Crowling;Asmo;Templar
Faceoff;Asmo;Templar
Sadron;Elyos;Chanter
Looki;Elyos;Gladiator
Bladewar;Asmo;Templar
Lucasha;Asmo;Templar
Cylian;Asmo;Templar
Encelades;Asmo;Assassin
Alvin;Asmo;Templar
Thinde;Elyos;Gladiator
Duneroo;Asmo;Sorcerer
Varez;Elyos;Templar
Barmalei;Asmo;Sorcerer
Hakutaiken;Elyos;Assassin
Sting;Elyos;Gladiator
Pantiktak;Asmo;Ranger
Runne;Elyos;Ranger
Madoky;Asmo;Sorcerer
Robute;Asmo;Templar
Morgaa;Asmo;Chanter
Eclogue;Asmo;Assassin
Valtress;Elyos;Assassin
Sirrisqwyn;Asmo;Sorcerer
Deusmanus;Asmo;Sorcerer
Feraeel;Elyos;Templar
Kamii;Asmo;Assassin
Fearlless;Elyos;Chanter
Caffeine;Elyos;Chanter
Krantz;Elyos;Gladiator
Elander;Asmo;Chanter
Fit;Elyos;Gladiator
Fynrods;Elyos;Assassin
Sarumannn;Elyos;Sorcerer
Nattnt;Elyos;Sorcerer
Misai;Elyos;Cleric
Lyri;Asmo;Cleric
Anthraxis;Asmo;Ranger
Dinotek;Elyos;Sorcerer
Korsaris;Elyos;Spiritmaster
Kisatekel;Asmo;Templar
Arkheris;Elyos;Ranger
Devilrage;Asmo;Spiritmaster
Easygott;Asmo;Spiritmaster
Znoose;Elyos;Chanter
Plsdontcry;Asmo;Gladiator
Phaino;Elyos;Gladiator
Alantica;Elyos;Ranger
Chakra;Asmo;Chanter
Gromesha;Elyos;Sorcerer
Litterena;Asmo;Sorcerer
Andreo;Elyos;Templar
Castormalade;Asmo;Cleric
Morduun;Elyos;Templar
Serafin;Elyos;Gladiator
Obake;Asmo;Chanter
Zumita;Asmo;Spiritmaster
Ptose;Elyos;Sorcerer
Anticite;Elyos;Spiritmaster
React;Elyos;Spiritmaster
Codingestion;Elyos;Gladiator
Keliya;Elyos;Chanter
Dolvee;Elyos;Sorcerer
Chunley;Asmo;Sorcerer
Nyriu;Elyos;Chanter
Balam;Asmo;Spiritmaster
Valliana;Elyos;Sorcerer
Bianca;Elyos;Templar
Eremine;Elyos;Chanter
Bachelor;Elyos;Ranger
Tazar;Asmo;Templar
Misspiggy;Asmo;Spiritmaster
Petivi;Asmo;Cleric
Theliod;Asmo;Sorcerer
Microeyes;Elyos;Sorcerer
Candychanty;Asmo;Chanter
Hosues;Asmo;Cleric
Nokill;Elyos;Ranger
Tulak;Elyos;Ranger
Sammmmm;Asmo;Gladiator
Nathandieweise;Asmo;Sorcerer
Adelice;Asmo;Chanter
Swittch;Elyos;Assassin
Rane;Asmo;Chanter
Capella;Elyos;Ranger
Lakriz;Asmo;Gladiator
Spiritcrush;Elyos;Spiritmaster
Anthumu;Elyos;Ranger
Ruyus;Elyos;Assassin
Pelexpex;Asmo;Sorcerer
Dram;Asmo;Assassin
Eaross;Elyos;Templar
Hinayumis;Elyos;Sorcerer
Unless;Elyos;Assassin
Ocean;Elyos;Spiritmaster
Lauv;Elyos;Chanter
Tankos;Asmo;Templar
Kaink;Asmo;Chanter
Gama;Asmo;Gladiator
Diessa;Asmo;Templar
Caramelle;Asmo;Chanter
Alebios;Asmo;Ranger
Kelisova;Elyos;Spiritmaster
Devilbehindyou;Elyos;Chanter
Euva;Elyos;Sorcerer
Popoku;Elyos;Cleric
Daimn;Asmo;Sorcerer
Jeonseul;Asmo;Spiritmaster
Shinzui;Elyos;Ranger
Connely;Asmo;Chanter
Schnucki;Elyos;Chanter
Grovirus;Asmo;Gladiator
Gabba;Asmo;Spiritmaster
Luckystar;Asmo;Chanter
Shoki;Asmo;Cleric
Kirantaro;Asmo;Assassin
Morint;Asmo;Spiritmaster
Skilled;Elyos;Templar
Rockan;Asmo;Spiritmaster
Eblozor;Elyos;Chanter
Pianist;Asmo;Ranger
Arijen;Elyos;Sorcerer
Puddilicious;Asmo;Chanter
Fridom;Elyos;Chanter
Globuli;Elyos;Cleric
Resti;Asmo;Chanter
Ekodas;Asmo;Cleric
Hilme;Elyos;Cleric
Lidokaina;Asmo;Ranger
Vmax;Asmo;Sorcerer
Vannaysa;Elyos;Sorcerer
Yurumeng;Elyos;Spiritmaster
Blackmamba;Elyos;Ranger
Bitschka;Asmo;Gladiator
Wakawakawaka;Elyos;Templar
Xanarch;Elyos;Spiritmaster
Iwari;Elyos;Sorcerer
Darkdot;Asmo;Spiritmaster
Suddenly;Asmo;Chanter
Sexmachine;Elyos;Sorcerer
Soulsin;Asmo;Templar
Shaedellynn;Elyos;Cleric
Eterimos;Elyos;Chanter
Vexi;Asmo;Sorcerer
Sebtai;Elyos;Cleric
Wolfangueur;Asmo;Ranger
Vrouummm;Elyos;Templar
Ranker;Elyos;Sorcerer
Chachacha;Asmo;Gladiator
Belvador;Asmo;Gladiator
Mirex;Elyos;Sorcerer
Hico;Elyos;Templar
Macminou;Asmo;Cleric
Ellincia;Elyos;Chanter
Mixsas;Elyos;Ranger
Yuzarsif;Elyos;Gladiator
Prophet;Asmo;Sorcerer
Aeno;Asmo;Templar
Stickk;Elyos;Assassin
Meshouaa;Asmo;Chanter
Elblingo;Asmo;Cleric
Shaotian;Elyos;Cleric
Leiya;Asmo;Gladiator
Miko;Elyos;Cleric
Warqueen;Elyos;Gladiator
Manchurian;Elyos;Ranger
Qhpi;Elyos;Cleric
Mirielu;Elyos;Chanter
Yanshiro;Asmo;Spiritmaster
Eddyto;Elyos;Ranger
Lusiera;Elyos;Sorcerer
Arnixtranwestyta;Elyos;Sorcerer
Sinystra;Asmo;Sorcerer
Orochi;Elyos;Sorcerer
Notnieem;Elyos;Cleric
Akazah;Elyos;Chanter
Huangdi;Asmo;Spiritmaster
Deathangels;Elyos;Gladiator
Prish;Elyos;Cleric
Kishimojin;Elyos;Chanter
Realcrush;Elyos;Chanter
Orchaa;Elyos;Chanter
Thamy;Elyos;Sorcerer
Deesses;Elyos;Spiritmaster
Sasarai;Elyos;Spiritmaster
Wesxfighter;Elyos;Spiritmaster
Rallygor;Elyos;Ranger
Sharly;Asmo;Templar
Asurion;Elyos;Spiritmaster
Chencha;Elyos;Templar
Meror;Asmo;Templar
Noaleco;Asmo;Spiritmaster
Buckethead;Elyos;Sorcerer
Emos;Asmo;Templar
Eurybia;Elyos;Gladiator
Imee;Elyos;Spiritmaster
Idae;Elyos;Chanter
Slyxia;Asmo;Ranger
Minnimouse;Asmo;Chanter
Agrari;Elyos;Spiritmaster
Norisa;Elyos;Spiritmaster
Reed;Elyos;Chanter
Ashandra;Elyos;Spiritmaster
Darquess;Asmo;Chanter
Boiteaoutils;Elyos;Chanter
Lostlesson;Elyos;Ranger
Hallon;Asmo;Chanter
Gathiel;Asmo;Cleric
Xanatos;Elyos;Ranger
Kannnnix;Asmo;Chanter
Boskizigolo;Elyos;Gladiator
Sprudel;Elyos;Sorcerer
Dutark;Elyos;Cleric
Soulness;Elyos;Templar
Zuul;Asmo;Sorcerer
Greyfoxx;Elyos;Gladiator
Shambles;Elyos;Gladiator
Sylar;Elyos;Ranger
Muecke;Elyos;Gladiator
Aquaman;Elyos;Chanter
Gueen;Elyos;Sorcerer
Segentr;Elyos;Sorcerer
Gniewomira;Asmo;Cleric
Garelle;Asmo;Templar
Nossi;Asmo;Ranger
Limitbreak;Elyos;Assassin
Yukiny;Elyos;Gladiator
Rudovika;Asmo;Chanter
Caustic;Asmo;Spiritmaster
Xritan;Asmo;Chanter
Belysryfeth;Asmo;Chanter
Arrachecoeur;Elyos;Sorcerer
Perniix;Asmo;Chanter
Lonux;Elyos;Cleric
Tetu;Asmo;Spiritmaster
Mgrinzg;Asmo;Cleric
Lumanix;Elyos;Cleric
Exer;Asmo;Ranger
Lappinou;Elyos;Spiritmaster
Arawin;Elyos;Spiritmaster
Zunirunerk;Asmo;Cleric
Doge;Asmo;Cleric
Bartan;Asmo;Cleric
Cherazi;Elyos;Chanter
Hihood;Asmo;Assassin
Karo;Asmo;Cleric
Lunaoi;Asmo;Cleric
Heraclure;Elyos;Assassin
Terminathor;Asmo;Sorcerer
Deceived;Asmo;Spiritmaster
Deejvi;Asmo;Cleric
Modred;Elyos;Sorcerer
Dispellia;Elyos;Sorcerer
Losna;Asmo;Spiritmaster
Aryniou;Asmo;Assassin
Ellonora;Elyos;Assassin
Cutes;Elyos;Chanter
Skenan;Elyos;Cleric
Demiljanus;Asmo;Chanter
Hung;Elyos;Templar
Collector;Asmo;Sorcerer
Pandawan;Asmo;Cleric
Aphesmeyra;Asmo;Sorcerer
Opgameryy;Elyos;Sorcerer
Saquna;Elyos;Chanter
Sanyu;Elyos;Sorcerer
Nepirah;Asmo;Sorcerer
Katalysator;Elyos;Sorcerer
Kotogre;Asmo;Chanter
Asfel;Elyos;Cleric
Nanika;Asmo;Assassin
Chelsey;Elyos;Cleric
Bogardus;Elyos;Cleric
Sayuki;Elyos;Templar
Revel;Asmo;Templar
Entheogen;Asmo;Chanter
Administrator;Asmo;Sorcerer
Hatsuni;Elyos;Cleric
Cipolla;Asmo;Chanter
Viekix;Asmo;Chanter
Kalypso;Asmo;Cleric
Knortsen;Elyos;Chanter
Mismass;Asmo;Templar
Asmowar;Asmo;Ranger
Schadensursache;Asmo;Sorcerer
Paaprika;Asmo;Cleric
Mrr;Elyos;Cleric
Whuusa;Asmo;Spiritmaster
Mordekaim;Asmo;Gladiator
Ezteleportdeava;Asmo;Sorcerer
Tiamath;Asmo;Spiritmaster
Gxoange;Elyos;Spiritmaster
Meyda;Asmo;Cleric
Mutamba;Elyos;Cleric
Dreamboat;Asmo;Gladiator
Sixprine;Elyos;Spiritmaster
Samarrive;Elyos;Sorcerer
Schlachten;Elyos;Assassin
Bankrobber;Asmo;Gladiator
Lapox;Asmo;Cleric
Prothau;Elyos;Sorcerer
Miuchrain;Elyos;Gladiator
Chiquita;Elyos;Cleric
Moonranger;Asmo;Ranger
Lillyth;Elyos;Sorcerer
Shenderella;Asmo;Ranger
Lenalyn;Elyos;Spiritmaster
Forsennato;Asmo;Ranger
Violete;Elyos;Cleric
Heliot;Asmo;Ranger
Wight;Asmo;Spiritmaster
Boboz;Asmo;Cleric
Obscur;Asmo;Assassin
Kopcina;Elyos;Ranger
Stiichh;Elyos;Sorcerer
Shaadel;Elyos;Ranger
Boozywoozy;Asmo;Ranger
Bogenpeter;Elyos;Ranger
Katherina;Elyos;Cleric
Elmucholocoo;Asmo;Spiritmaster
Agathanor;Elyos;Cleric
Nomi;Elyos;Cleric
Tchoppi;Elyos;Templar
Elyas;Asmo;Sorcerer
Thestronghold;Elyos;Ranger
Lespectre;Elyos;Gladiator
Dui;Elyos;Sorcerer
Snoopy;Asmo;Gladiator
Afentra;Elyos;Cleric
Aeteria;Elyos;Spiritmaster
Elwynna;Elyos;Cleric
Skagen;Elyos;Gladiator
Caro;Asmo;Chanter
Shainks;Asmo;Chanter
Rosenn;Elyos;Cleric
Xiuling;Elyos;Chanter
Dotti;Elyos;Spiritmaster
Qbart;Elyos;Gladiator
Kanzen;Elyos;Sorcerer
Anisha;Elyos;Spiritmaster
Alderane;Asmo;Cleric
Ilistil;Asmo;Sorcerer
Zivaettout;Elyos;Cleric
Uglyzeus;Elyos;Gladiator
Afo;Elyos;Gladiator
Travia;Asmo;Cleric
Kacaktekel;Asmo;Spiritmaster
Menell;Asmo;Cleric
Aiama;Asmo;Spiritmaster
Valdalarag;Elyos;Ranger
Narcisse;Elyos;Sorcerer
Etikaram;Asmo;Cleric
Mripwnage;Elyos;Chanter
Plate;Asmo;Sorcerer
Xelestria;Elyos;Ranger
Zukko;Elyos;Sorcerer
Rikkus;Asmo;Spiritmaster
Aliyah;Asmo;Chanter
Shannaa;Elyos;Templar
Tabatha;Elyos;Spiritmaster
Zweky;Asmo;Sorcerer
Loislurso;Asmo;Gladiator
Thalraa;Elyos;Sorcerer
Majezik;Elyos;Chanter
Shilua;Elyos;Spiritmaster
Akinia;Elyos;Ranger
Akhia;Elyos;Cleric
Yonko;Asmo;Ranger
Hasendame;Asmo;Cleric
Busujima;Elyos;Chanter
Titibuff;Asmo;Chanter
Pixels;Elyos;Ranger
Gadiel;Elyos;Spiritmaster
Fullmoonito;Asmo;Spiritmaster
Manoftungsten;Asmo;Cleric
Senkeye;Asmo;Templar
Sadrana;Elyos;Cleric
Shouxue;Elyos;Cleric
Hemp;Asmo;Cleric
Skvirtoslav;Elyos;Cleric
Tueurz;Elyos;Cleric
Mummypig;Elyos;Cleric
Avrheal;Elyos;Cleric
Zoder;Asmo;Templar
Toronto;Elyos;Sorcerer
Mifusiy;Elyos;Sorcerer
Azser;Elyos;Ranger
Minikantor;Asmo;Chanter
Betsie;Elyos;Chanter
Keepoo;Asmo;Cleric
Bitza;Elyos;Cleric
Reinadelsur;Asmo;Ranger
Azkon;Asmo;Ranger
Lisiasty;Asmo;Templar
Zaryu;Asmo;Sorcerer
Toffifee;Asmo;Sorcerer
Grimmzard;Asmo;Sorcerer
Instinkt;Asmo;Gladiator
Minibuf;Asmo;Chanter
Mza;Asmo;Cleric
Paralyzed;Elyos;Sorcerer
Twinky;Elyos;Templar
Aureliusse;Elyos;Templar
Chucky;Asmo;Sorcerer
Mirachan;Elyos;Cleric
Roske;Asmo;Ranger
Zhea;Asmo;Gladiator
Spiritbombastic;Asmo;Spiritmaster
Rainsacred;Elyos;Cleric
Friszt;Elyos;Gladiator
Prunelle;Asmo;Cleric
Unika;Elyos;Gladiator
Inflames;Asmo;Ranger
Povsteak;Asmo;Ranger
Clintt;Elyos;Chanter
Sorariko;Elyos;Ranger
Danielmstr;Elyos;Cleric
Yoshiiy;Elyos;Chanter
Ammon;Asmo;Sorcerer
Fiwoly;Elyos;Chanter
Adeva;Asmo;Cleric
Koyasan;Asmo;Sorcerer
Nendra;Elyos;Cleric
Zikaa;Elyos;Sorcerer
Rogerlmm;Asmo;Ranger
Nanna;Elyos;Cleric
Droo;Elyos;Chanter
Kromeda;Asmo;Ranger
Galaa;Elyos;Cleric
Tezcut;Asmo;Chanter
Scrower;Asmo;Cleric
Uurza;Elyos;Spiritmaster
Procto;Asmo;Sorcerer
Harbard;Asmo;Ranger
Rabenschwarz;Elyos;Cleric
Epitax;Asmo;Cleric
Acepalm;Elyos;Gladiator
Gisbertus;Elyos;Assassin
Tmp;Asmo;Templar
Mythica;Asmo;Spiritmaster
Quem;Elyos;Chanter
Serph;Asmo;Gladiator
Awalp;Elyos;Spiritmaster
Neokari;Asmo;Spiritmaster
Leclerc;Elyos;Templar
Tsukogan;Elyos;Sorcerer
Onionbeautiful;Asmo;Sorcerer
Takho;Asmo;Chanter
Moree;Asmo;Ranger
Goldur;Elyos;Gladiator
Amon;Elyos;Spiritmaster
Herbose;Elyos;Sorcerer
Waliid;Asmo;Chanter
Vanillja;Elyos;Cleric
Ayuumi;Elyos;Chanter
Pahawe;Asmo;Chanter
Ninakiel;Asmo;Ranger
Mentos;Elyos;Cleric
Memfis;Elyos;Cleric
Pomdapi;Elyos;Chanter
Kyumy;Elyos;Cleric
Myz;Asmo;Gladiator
Vizeadmiral;Asmo;Templar
Nxz;Elyos;Gladiator
Hiralya;Asmo;Sorcerer
Lovina;Asmo;Gladiator
Infearme;Elyos;Spiritmaster
Vitamine;Asmo;Chanter
Arieluma;Elyos;Sorcerer
Shaburi;Elyos;Cleric
Okazaki;Elyos;Gladiator
Nuggety;Elyos;Cleric
Edynn;Elyos;Spiritmaster
Clazull;Asmo;Templar
Monopol;Elyos;Sorcerer
Oswin;Asmo;Cleric
Pistwma;Asmo;Chanter
Doudouce;Elyos;Cleric
Shinkui;Elyos;Templar
Kufa;Asmo;Assassin
Xala;Elyos;Cleric
Boabali;Elyos;Chanter
Wilbil;Elyos;Cleric
Abycleric;Asmo;Cleric
Qenos;Elyos;Spiritmaster
Aryiia;Asmo;Cleric
Eili;Elyos;Chanter
Nelumbo;Elyos;Cleric
Schnitzelchen;Asmo;Cleric
Nadne;Asmo;Cleric
Lylli;Asmo;Ranger
Cattbug;Asmo;Cleric
Bartoria;Asmo;Assassin
Zelphy;Elyos;Cleric
Intraveineuse;Asmo;Cleric
Zoew;Asmo;Spiritmaster
Pumbaa;Asmo;Templar
Danutc;Elyos;Cleric
Timae;Elyos;Cleric
Erge;Asmo;Sorcerer
Homii;Elyos;Gladiator
Ruush;Elyos;Cleric
Stahlknecht;Asmo;Templar
Tehkila;Asmo;Chanter
Plumeria;Elyos;Cleric
Holymau;Elyos;Cleric
Niemand;Elyos;Ranger
Kittydark;Elyos;Cleric
Metis;Elyos;Cleric
Samjy;Elyos;Cleric
Titanya;Asmo;Gladiator
Tiborchik;Asmo;Gladiator
Dreamtonio;Asmo;Gladiator
Mimiko;Asmo;Cleric
Krignog;Elyos;Chanter
Cistrellia;Elyos;Gladiator
Hula;Asmo;Sorcerer
Stfuimfearing;Asmo;Spiritmaster
Kritmoon;Elyos;Cleric
Rancune;Elyos;Gladiator
Miz;Asmo;Chanter
Namasiel;Elyos;Cleric
Nexraen;Elyos;Spiritmaster
Sephetina;Elyos;Cleric
Miihawk;Elyos;Templar
Athenaaaaa;Asmo;Cleric
Noltani;Asmo;Chanter
Subag;Elyos;Spiritmaster
Coag;Elyos;Cleric
Dacere;Elyos;Ranger
Mondlicht;Elyos;Cleric
Solarion;Elyos;Chanter
Bonjour;Asmo;Ranger
Viden;Asmo;Cleric
Shimey;Elyos;Gladiator
Melinir;Elyos;Templar
Ichiggo;Asmo;Gladiator
Eurynomus;Asmo;Spiritmaster
Stfuo;Asmo;Templar
Otosan;Asmo;Ranger
Genickzwirbler;Asmo;Gladiator
Hooia;Elyos;Cleric
Redace;Elyos;Templar
Jendor;Asmo;Templar
Cherrytomate;Elyos;Chanter
Yunafee;Asmo;Cleric
Nsc;Elyos;Cleric
Kristofwerekkk;Asmo;Chanter
Rheza;Elyos;Templar
Amel;Asmo;Chanter
Abregtael;Elyos;Templar
Oometisse;Asmo;Cleric
Alyxya;Elyos;Cleric
Pwrepousth;Asmo;Cleric
Helma;Elyos;Cleric
Hestiia;Asmo;Spiritmaster
Nmlh;Asmo;Cleric
Lei;Asmo;Chanter
Venor;Asmo;Templar
Ankaa;Elyos;Chanter
Koulouk;Elyos;Sorcerer
Grooooo;Asmo;Ranger
Tokio;Asmo;Chanter
Nyla;Elyos;Cleric
Alizof;Elyos;Spiritmaster
Novah;Asmo;Chanter
Sulevia;Asmo;Cleric
Karisma;Elyos;Cleric
Breast;Asmo;Cleric
Fyffa;Asmo;Cleric
Dilawarashi;Elyos;Gladiator
Massplug;Asmo;Chanter
Tonks;Asmo;Spiritmaster
Deyna;Elyos;Chanter
Kwiiiiiiiiiiiiii;Elyos;Ranger
Ayauehara;Elyos;Cleric
Freestylegr;Elyos;Chanter
Vampaia;Asmo;Chanter
Inory;Elyos;Cleric
Sevygun;Elyos;Assassin
Heilu;Asmo;Chanter
Mikuru;Elyos;Sorcerer
Durga;Asmo;Chanter
Poisondoudou;Elyos;Chanter
Wolfen;Asmo;Assassin
Leolas;Asmo;Sorcerer
Teryu;Asmo;Templar
Sman;Elyos;Chanter
Scanty;Asmo;Gladiator
Lunaro;Elyos;Cleric
Viscaya;Asmo;Ranger
Stress;Elyos;Chanter
Coagula;Asmo;Templar
Thebambik;Elyos;Templar
Saudada;Elyos;Chanter
Mopo;Asmo;Ranger
Chertila;Asmo;Spiritmaster
Tiligna;Elyos;Cleric
Merediths;Elyos;Cleric
Alexone;Elyos;Cleric
Togahimiko;Asmo;Cleric
Blaccx;Elyos;Cleric
Lalyaki;Asmo;Cleric
Justeve;Asmo;Cleric
Fusselhaze;Asmo;Cleric
Darkheals;Asmo;Cleric
Anuchka;Asmo;Cleric
Bugbles;Asmo;Cleric
Hidey;Elyos;Assassin
Ctek;Elyos;Assassin
Smouth;Elyos;Assassin
Worth;Elyos;Assassin
Eledwen;Elyos;Assassin
Nevya;Elyos;Assassin
Ophanim;Elyos;Assassin
Gees;Elyos;Assassin
Sevyh;Elyos;Assassin
Nodoc;Elyos;Assassin
Maldamalnicht;Elyos;Assassin
Kukuck;Elyos;Assassin
Killerface;Elyos;Assassin
Rastos;Elyos;Assassin
Zarkenzz;Elyos;Assassin
Nii;Asmo;Assassin
Splitpulse;Asmo;Assassin
Teni;Asmo;Assassin
Nimble;Asmo;Assassin
Beelzebub;Asmo;Assassin
Microdeath;Asmo;Assassin
Aistera;Asmo;Assassin
Lorrenorzorro;Asmo;Assassin
Enelsmera;Asmo;Assassin
Shyz;Asmo;Assassin
Pasteurx;Asmo;Assassin
Oliivi;Asmo;Assassin
Eustack;Asmo;Assassin
Sygil;Asmo;Assassin
Ounooo;Asmo;Assassin
Kiechy;Elyos;Ranger
Szyszunia;Elyos;Ranger
Creo;Elyos;Ranger
Huntic;Elyos;Ranger
Livid;Elyos;Ranger
Zzeus;Elyos;Ranger
Aniaka;Elyos;Ranger
Matsouzaka;Elyos;Ranger
Acerphillips;Elyos;Ranger
Langes;Elyos;Ranger
Rhade;Elyos;Ranger
Aerodynamic;Elyos;Ranger
Euler;Elyos;Ranger
Dreamiiz;Elyos;Ranger
Bigboobs;Elyos;Ranger
Prize;Elyos;Ranger
Polya;Elyos;Ranger
Miisa;Elyos;Ranger
Snaffly;Elyos;Ranger
Ukarie;Elyos;Ranger
Kiit;Elyos;Ranger
Karummye;Elyos;Ranger
Toussec;Elyos;Ranger
Hawkeye;Elyos;Ranger
Quyros;Elyos;Ranger
Sharpy;Elyos;Ranger
Damson;Elyos;Ranger
Guron;Elyos;Ranger
Rosaliaa;Elyos;Ranger
Rambow;Elyos;Ranger
Bloodline;Elyos;Ranger
Muha;Elyos;Ranger
Yeezy;Elyos;Ranger
Punchbecken;Asmo;Ranger
Monad;Asmo;Ranger
Gigadude;Asmo;Ranger
Aleria;Asmo;Ranger
Lighthunter;Asmo;Ranger
Seia;Asmo;Ranger
Morearrows;Asmo;Ranger
Beggi;Asmo;Ranger
Poisonous;Asmo;Ranger
Scriptoss;Asmo;Ranger
Crazybullets;Asmo;Ranger
Baubau;Asmo;Ranger
Kaleddi;Asmo;Ranger
Feathers;Asmo;Ranger
Exodusattack;Asmo;Ranger
Radian;Asmo;Ranger
Andelee;Asmo;Ranger
Jimmius;Asmo;Ranger
Xbass;Asmo;Ranger
Crimmys;Asmo;Ranger
Larawag;Asmo;Ranger
Nyancat;Asmo;Ranger
Ulfrun;Asmo;Ranger
Bodycount;Asmo;Ranger
Rokio;Asmo;Ranger
Malgorzata;Asmo;Ranger
Dazler;Asmo;Ranger
Bahram;Asmo;Ranger
Necrus;Elyos;Sorcerer
Tefeirih;Elyos;Sorcerer
Lippouti;Elyos;Sorcerer
Darkgame;Elyos;Sorcerer
Zoran;Elyos;Sorcerer
Xene;Elyos;Sorcerer
Elorrya;Elyos;Sorcerer
Aeom;Elyos;Sorcerer
Edalios;Elyos;Sorcerer
Wombat;Elyos;Sorcerer
Beeer;Elyos;Sorcerer
Myuri;Elyos;Sorcerer
Solaxido;Elyos;Sorcerer
Citria;Elyos;Sorcerer
Rubiha;Elyos;Sorcerer
Osmund;Elyos;Sorcerer
Jackham;Elyos;Sorcerer
Khala;Elyos;Sorcerer
Ghin;Elyos;Sorcerer
Eloine;Elyos;Sorcerer
Ciha;Elyos;Sorcerer
Eridis;Elyos;Sorcerer
Slypnos;Elyos;Sorcerer
Ardolis;Elyos;Sorcerer
Potential;Elyos;Sorcerer
Dagyde;Elyos;Sorcerer
Vilaine;Elyos;Sorcerer
Reyhanna;Elyos;Sorcerer
Loucathare;Elyos;Sorcerer
Shargar;Elyos;Sorcerer
Pristie;Elyos;Sorcerer
Kayzumi;Elyos;Sorcerer
Ryglah;Elyos;Sorcerer
Escortbabe;Elyos;Sorcerer
Tefnut;Elyos;Sorcerer
Whoisnext;Elyos;Sorcerer
Cryptid;Asmo;Sorcerer
Holocaster;Asmo;Sorcerer
Boghyk;Asmo;Sorcerer
Mendz;Asmo;Sorcerer
Natsuki;Asmo;Sorcerer
Triptik;Asmo;Sorcerer
Czarynek;Asmo;Sorcerer
Aeyl;Asmo;Sorcerer
Kserokopiar;Asmo;Sorcerer
Magios;Asmo;Sorcerer
Cella;Asmo;Sorcerer
Rhysand;Asmo;Sorcerer
Bextha;Asmo;Sorcerer
Goodwin;Asmo;Sorcerer
Eklipse;Asmo;Sorcerer
Selayas;Asmo;Sorcerer
Lacrima;Asmo;Sorcerer
Darkhusk;Asmo;Sorcerer
Magicshaggy;Asmo;Sorcerer
Gardgnok;Asmo;Sorcerer
Ecoge;Asmo;Sorcerer
Zoii;Asmo;Sorcerer
Fikus;Asmo;Sorcerer
Wonzy;Asmo;Sorcerer
Aerocool;Asmo;Sorcerer
Pestilence;Asmo;Sorcerer
Ayushi;Asmo;Sorcerer
Dixaley;Asmo;Sorcerer
Mmewalid;Asmo;Sorcerer
Batoong;Asmo;Sorcerer
Injuuin;Asmo;Sorcerer
Centershock;Asmo;Sorcerer
Gryzon;Asmo;Sorcerer
Wermouth;Elyos;Spiritmaster
Kanasta;Elyos;Spiritmaster
Lopht;Elyos;Spiritmaster
Hyca;Elyos;Spiritmaster
Exotikz;Elyos;Spiritmaster
Alvies;Elyos;Spiritmaster
Eastwind;Elyos;Spiritmaster
Aztaroth;Elyos;Spiritmaster
Mariloo;Elyos;Spiritmaster
Seho;Elyos;Spiritmaster
Biggytek;Elyos;Spiritmaster
Baicka;Elyos;Spiritmaster
Wazah;Elyos;Spiritmaster
Fearthrill;Elyos;Spiritmaster
Teha;Elyos;Spiritmaster
Aule;Elyos;Spiritmaster
Nevada;Elyos;Spiritmaster
Podzaborom;Elyos;Spiritmaster
Sallar;Elyos;Spiritmaster
Psychofears;Elyos;Spiritmaster
Drainy;Asmo;Spiritmaster
Boobs;Asmo;Spiritmaster
Fiyorian;Asmo;Spiritmaster
Aluca;Asmo;Spiritmaster
Csali;Asmo;Spiritmaster
Takamaru;Asmo;Spiritmaster
Buffsgone;Asmo;Spiritmaster
Ladydramas;Asmo;Spiritmaster
Meelye;Asmo;Spiritmaster
Schreddoe;Asmo;Spiritmaster
Bibiphoque;Asmo;Spiritmaster
Valkury;Asmo;Spiritmaster
Evilreni;Asmo;Spiritmaster
Hummelman;Asmo;Spiritmaster
Bellum;Asmo;Spiritmaster
Tsokaro;Asmo;Spiritmaster
Midget;Asmo;Spiritmaster
Speranza;Asmo;Spiritmaster
Wingsea;Asmo;Spiritmaster
Nagglfar;Asmo;Spiritmaster
Bacata;Asmo;Spiritmaster
Melekomen;Asmo;Spiritmaster
Noipinus;Asmo;Spiritmaster
Graeae;Asmo;Spiritmaster
Fheyre;Asmo;Spiritmaster
Harvard;Elyos;Gladiator
Serge;Elyos;Gladiator
Rwby;Elyos;Gladiator
Bronky;Elyos;Gladiator
Guture;Elyos;Gladiator
Galil;Elyos;Gladiator
Arthasia;Elyos;Gladiator
Hylien;Elyos;Gladiator
Kazumary;Elyos;Gladiator
Shikan;Elyos;Gladiator
Iziiak;Elyos;Gladiator
Hermesraph;Elyos;Gladiator
Huajtswvaj;Elyos;Gladiator
Renshiro;Elyos;Gladiator
Timorta;Elyos;Gladiator
Ragnild;Elyos;Gladiator
Proximus;Elyos;Gladiator
Ilmg;Elyos;Gladiator
Kurato;Elyos;Gladiator
Klapek;Elyos;Gladiator
Myung;Elyos;Gladiator
Krimer;Elyos;Gladiator
Elisheva;Elyos;Gladiator
Xerxez;Elyos;Gladiator
Zyanid;Elyos;Gladiator
Luangprabang;Elyos;Gladiator
Lavish;Elyos;Gladiator
Mosina;Elyos;Gladiator
Nain;Elyos;Gladiator
Tipiiment;Elyos;Gladiator
Bebz;Elyos;Gladiator
Bolle;Elyos;Gladiator
Maxiimus;Elyos;Gladiator
Nemme;Asmo;Gladiator
Coralian;Asmo;Gladiator
Mragito;Asmo;Gladiator
Hoyo;Asmo;Gladiator
Patience;Asmo;Gladiator
Deasun;Asmo;Gladiator
Blodyy;Asmo;Gladiator
Assatou;Asmo;Gladiator
Blood;Asmo;Gladiator
Panzer;Asmo;Gladiator
Nele;Asmo;Gladiator
Arsenik;Asmo;Gladiator
Tamaki;Asmo;Gladiator
Irracjonalny;Asmo;Gladiator
Ola;Asmo;Gladiator
Fatherr;Asmo;Gladiator
Guts;Asmo;Gladiator
Oraxx;Elyos;Templar
Kabo;Elyos;Templar
Misaka;Elyos;Templar
Chrischen;Elyos;Templar
Sayoyo;Elyos;Templar
Chuika;Elyos;Templar
Nimmmich;Elyos;Templar
Chonk;Elyos;Templar
Priimeld;Elyos;Templar
Nookie;Elyos;Templar
Vigilait;Elyos;Templar
Primo;Elyos;Templar
Panzerkampfwagen;Elyos;Templar
Hannyo;Elyos;Templar
Divin;Elyos;Templar
Mitsukane;Elyos;Templar
Evaimon;Elyos;Templar
Asefth;Elyos;Templar
Xetoha;Elyos;Templar
Newpanda;Elyos;Templar
Devilos;Elyos;Templar
Stigyan;Elyos;Templar
Banitank;Elyos;Templar
Gadeon;Elyos;Templar
Obivan;Elyos;Templar
Lydiaburdens;Elyos;Templar
Taptysh;Elyos;Templar
Akimyra;Asmo;Templar
Zoryoss;Asmo;Templar
Raikage;Asmo;Templar
Therealhordos;Asmo;Templar
Rynalen;Asmo;Templar
Yaminoka;Asmo;Templar
Talensarya;Asmo;Templar
Xoumy;Asmo;Templar
Sadforyou;Asmo;Templar
Mogett;Asmo;Templar
Whiite;Asmo;Templar
Togepi;Asmo;Templar
Kadrem;Asmo;Templar
Saifox;Asmo;Templar
Apolagertha;Asmo;Templar
Ayayakitsune;Asmo;Templar
Kiyola;Asmo;Templar
Maxiemus;Asmo;Templar
Dirtyundies;Asmo;Templar
Kawl;Asmo;Templar
Myukki;Elyos;Cleric
Aiyuna;Elyos;Cleric
Kkaengi;Elyos;Cleric
Innexi;Elyos;Cleric
Kociara;Elyos;Cleric
Yiuna;Elyos;Cleric
Swo;Elyos;Cleric
Ellodia;Elyos;Cleric
Xufo;Elyos;Cleric
Pao;Elyos;Cleric
Deme;Elyos;Cleric
Heili;Elyos;Cleric
Pvelia;Elyos;Cleric
Stormhealing;Elyos;Cleric
Pokdivin;Elyos;Cleric
Gwendollien;Elyos;Cleric
Taac;Elyos;Cleric
Lisianthus;Elyos;Cleric
Blackychan;Elyos;Cleric
Minamie;Elyos;Cleric
Akarie;Elyos;Cleric
Bush;Elyos;Cleric
Xeylia;Elyos;Cleric
Yelga;Elyos;Cleric
Rettix;Elyos;Cleric
Anksou;Elyos;Cleric
Viviheal;Elyos;Cleric
Walpurgis;Elyos;Cleric
Vodkanapalm;Elyos;Cleric
Naibeth;Elyos;Cleric
Finuela;Elyos;Cleric
Pahis;Elyos;Cleric
Damaris;Elyos;Cleric
Acu;Elyos;Cleric
Lacrimiora;Elyos;Cleric
Yggdrasill;Elyos;Cleric
Bobchorba;Elyos;Cleric
Yaeriel;Elyos;Cleric
Nimly;Elyos;Cleric
Hydrangae;Elyos;Cleric
Kaylli;Elyos;Cleric
Verdara;Asmo;Cleric
Badtman;Asmo;Cleric
Danarei;Asmo;Cleric
Belial;Asmo;Cleric
Laija;Asmo;Cleric
Zucka;Asmo;Cleric
Yoremi;Asmo;Cleric
Enjui;Asmo;Cleric
Xewn;Asmo;Cleric
Berserkerodin;Asmo;Cleric
Alcynes;Asmo;Cleric
Dazz;Asmo;Cleric
Darkalvdis;Asmo;Cleric
Razzie;Asmo;Cleric
Carlenesma;Asmo;Cleric
Hazenya;Asmo;Cleric
Lefikium;Asmo;Cleric
Praxedis;Asmo;Cleric
Korigann;Asmo;Cleric
Kusla;Asmo;Cleric
Fullmoonaki;Asmo;Cleric
Galarielle;Asmo;Cleric
Yoshimitsa;Asmo;Cleric
Farangiz;Asmo;Cleric
Darkney;Asmo;Cleric
Healericus;Asmo;Cleric
Blondieheal;Asmo;Cleric
Ritaku;Asmo;Cleric
Xheal;Asmo;Cleric
Oakheart;Asmo;Cleric
Falsouille;Asmo;Cleric
Sneakypri;Asmo;Cleric
Paly;Asmo;Cleric
Raicko;Elyos;Chanter
Zingaro;Elyos;Chanter
Hymnus;Elyos;Chanter
Cheezus;Elyos;Chanter
Roben;Elyos;Chanter
Shmexy;Elyos;Chanter
Edaxa;Elyos;Chanter
Engie;Elyos;Chanter
Beetlejuice;Elyos;Chanter
Lovley;Elyos;Chanter
Garviellokan;Elyos;Chanter
Abbra;Elyos;Chanter
Nophica;Elyos;Chanter
Capikage;Elyos;Chanter
Kalupia;Elyos;Chanter
Lattina;Elyos;Chanter
Frozenjoe;Elyos;Chanter
Xeraph;Elyos;Chanter
Masik;Elyos;Chanter
Ezeckyel;Elyos;Chanter
Vidani;Elyos;Chanter
Trust;Elyos;Chanter
Dalejlama;Elyos;Chanter
Tartiine;Elyos;Chanter
Bibibo;Elyos;Chanter
Lillypop;Elyos;Chanter
Ibanai;Elyos;Chanter
Lilgasti;Elyos;Chanter
Kawaki;Elyos;Chanter
Frutty;Elyos;Chanter
Kenzi;Elyos;Chanter
Mbarien;Elyos;Chanter
Rawinette;Asmo;Chanter
Stumbledore;Asmo;Chanter
Noot;Asmo;Chanter
Pinascolada;Asmo;Chanter
Balavur;Asmo;Chanter
Aoust;Asmo;Chanter
Harestodor;Asmo;Chanter
Shrobzz;Asmo;Chanter
Kayleen;Asmo;Chanter
Zuzui;Asmo;Chanter
Akimitsu;Asmo;Chanter
Karmine;Asmo;Chanter
Lakshmi;Asmo;Chanter
Stegoloco;Asmo;Chanter
Toshiyuzuki;Asmo;Chanter
Xiuyin;Asmo;Chanter
Magicspirit;Asmo;Chanter
Everest;Asmo;Chanter
Atreuss;Asmo;Chanter
Paito;Asmo;Chanter
Darkdaemon;Asmo;Chanter
Kumpas;Asmo;Chanter
Chemmy;Asmo;Chanter
Asmydia;Asmo;Chanter
Starae;Asmo;Chanter
Maryu;Asmo;Chanter
Inkubus;Asmo;Chanter
Spleen;Elyos;Cleric
Healman;Elyos;Cleric
Aishari;Elyos;Cleric
Akihiiro;Elyos;Cleric
Confessor;Asmo;Cleric
Andeddo;Asmo;Cleric
Applex;Asmo;Cleric
Jeronimo;Asmo;Chanter
Norulez;Asmo;Chanter
Roops;Asmo;Assassin
Decadance;Asmo;Assassin
Sayoo;Asmo;Assassin
Tumvoitumvoiplu;Asmo;Assassin
Renkon;Asmo;Assassin
Mechthild;Asmo;Assassin
Souky;Asmo;Assassin
Nesae;Asmo;Assassin
Petrake;Asmo;Assassin
Genjii;Asmo;Assassin
Yumira;Asmo;Assassin
Dmitriy;Asmo;Assassin
Hynayzer;Asmo;Assassin
Zakivac;Asmo;Assassin
Serbianlord;Asmo;Assassin
Nokura;Asmo;Assassin
Vadorzo;Asmo;Assassin
Baskancik;Asmo;Ranger
Sauke;Asmo;Ranger
Nestarym;Asmo;Ranger
Hiruchinuemae;Asmo;Ranger
Aiika;Asmo;Ranger
Gooseman;Asmo;Ranger
Sofie;Asmo;Ranger
Silikonoviivalet;Asmo;Ranger
Fufu;Asmo;Ranger
Missdeath;Asmo;Ranger
Cordelius;Asmo;Ranger
Bsod;Asmo;Ranger
Hitchi;Asmo;Ranger
Shizo;Asmo;Ranger
Rogueshadow;Asmo;Ranger
Spowted;Asmo;Ranger
Evarcha;Asmo;Ranger
Sanbei;Asmo;Ranger
Tochna;Asmo;Ranger
Mooria;Asmo;Ranger
Yoichi;Asmo;Ranger
Arviu;Asmo;Ranger
Idrien;Asmo;Ranger
Jeanbernard;Asmo;Ranger
Winlry;Asmo;Ranger
Naamia;Asmo;Ranger
Lupolindsay;Asmo;Ranger
Hittest;Asmo;Sorcerer
Sayonara;Asmo;Sorcerer
Fortibus;Asmo;Sorcerer
Kalisi;Asmo;Sorcerer
Arackk;Asmo;Sorcerer
Hagato;Asmo;Sorcerer
Gletscherbox;Asmo;Sorcerer
Instantflashulti;Asmo;Sorcerer
Mazinger;Asmo;Sorcerer
Shadowild;Asmo;Sorcerer
Hidene;Asmo;Sorcerer
Muttley;Asmo;Sorcerer
Zukoo;Asmo;Sorcerer
Harissa;Asmo;Sorcerer
Dontblowmymind;Asmo;Sorcerer
Keqing;Asmo;Sorcerer
Ophiuchus;Asmo;Spiritmaster
Michie;Asmo;Spiritmaster
Firdispel;Asmo;Spiritmaster
Jackob;Asmo;Spiritmaster
Filauria;Asmo;Spiritmaster
Anchanel;Asmo;Spiritmaster
Mondonga;Asmo;Spiritmaster
Zashiketsu;Asmo;Spiritmaster
Fallen;Asmo;Spiritmaster
Thorfinn;Asmo;Spiritmaster
Kamigami;Asmo;Spiritmaster
Lichero;Asmo;Spiritmaster
Chaosfear;Asmo;Spiritmaster
Mizaki;Asmo;Spiritmaster
Kachelofen;Asmo;Spiritmaster
Unreality;Asmo;Spiritmaster
Kurtbey;Asmo;Gladiator
Peanerd;Asmo;Gladiator
Clarisse;Asmo;Gladiator
Prooman;Asmo;Gladiator
Sayian;Asmo;Gladiator
Brim;Asmo;Gladiator
Hjaaar;Asmo;Gladiator
Achino;Asmo;Gladiator
Gladik;Asmo;Gladiator
Grrobari;Asmo;Gladiator
Rykiu;Asmo;Gladiator
Frothy;Asmo;Gladiator
Zaschekasa;Asmo;Gladiator
Kikirik;Asmo;Gladiator
Irish;Asmo;Gladiator
Senpuu;Asmo;Gladiator
Sinox;Asmo;Gladiator
Baroon;Asmo;Gladiator
Balteur;Asmo;Templar
Agonoize;Asmo;Templar
Minit;Asmo;Templar
Marple;Asmo;Templar
Demonkia;Asmo;Templar
Odysseus;Asmo;Templar
Qin;Asmo;Templar
Jozu;Asmo;Templar
Shensy;Asmo;Templar
Valkylma;Asmo;Templar
Harrywest;Asmo;Templar
Caze;Asmo;Templar
Motschii;Asmo;Templar
Yuukisa;Asmo;Templar
Cloudstrifeasmo;Asmo;Templar
Hevan;Asmo;Templar
Ayakiro;Asmo;Templar
Sears;Asmo;Templar
Sleetgrout;Asmo;Cleric
Sis;Asmo;Cleric
Terun;Asmo;Cleric
Synja;Asmo;Cleric
Anjelica;Asmo;Cleric
Murkyhealer;Asmo;Cleric
Mineaxx;Asmo;Cleric
Korobe;Asmo;Cleric
Tianjing;Asmo;Cleric
Kaliana;Asmo;Cleric
Firebaby;Asmo;Cleric
Magicgod;Asmo;Cleric
Pomelofee;Asmo;Cleric
Zoon;Asmo;Cleric
Azulaa;Asmo;Cleric
Nahilu;Asmo;Cleric
Metsu;Asmo;Cleric
Sorii;Asmo;Cleric
Deusmakito;Asmo;Cleric
Freyahsalamander;Asmo;Cleric
Eiskind;Asmo;Cleric
Lexika;Asmo;Cleric
Zachekamaru;Asmo;Cleric
Ragnires;Asmo;Cleric
Cjuti;Asmo;Cleric
Blacksun;Asmo;Cleric
Iko;Asmo;Cleric
Lolitka;Asmo;Cleric
Makarooni;Asmo;Cleric
Littlepuppie;Asmo;Chanter
Yershi;Asmo;Chanter
Marmalady;Asmo;Chanter
Shinini;Asmo;Chanter
Miezie;Asmo;Chanter
Chell;Asmo;Chanter
Vieris;Asmo;Chanter
Yassuni;Asmo;Chanter
Kannbeissen;Asmo;Chanter
Stardeath;Asmo;Chanter
Jishui;Asmo;Chanter
Andus;Asmo;Chanter
Synk;Asmo;Chanter
Sabath;Asmo;Chanter
Melicat;Asmo;Chanter
Jocasta;Asmo;Chanter
Asael;Asmo;Chanter
Aorini;Asmo;Chanter
Pingoui;Asmo;Chanter
Kassie;Asmo;Chanter
Babsono;Elyos;Sorcerer
Ani;Elyos;Spiritmaster
Lsabella;Elyos;Gladiator
Cptfiree;Elyos;Cleric
Travilis;Elyos;Chanter
Kanda;Asmo;Cleric
Dahera;Asmo;Cleric
Jbf;Elyos;Assassin
Hayamy;Elyos;Assassin
Wralth;Elyos;Assassin
Deya;Elyos;Assassin
Hatake;Elyos;Assassin
Keanu;Elyos;Assassin
Kyoraku;Elyos;Assassin
Kyriie;Elyos;Assassin
Naturtalent;Elyos;Ranger
Neox;Elyos;Ranger
Excellent;Elyos;Ranger
Geensave;Elyos;Ranger
Xaioshi;Elyos;Ranger
Kdaverick;Elyos;Ranger
Garreth;Elyos;Ranger
Ficigeto;Elyos;Ranger
Vality;Elyos;Ranger
Cortas;Elyos;Ranger
Micko;Elyos;Ranger
Nythera;Elyos;Ranger
Shiishi;Elyos;Ranger
Nontrivial;Elyos;Ranger
Turbo;Elyos;Ranger
Whitepamperz;Elyos;Sorcerer
Shebbie;Elyos;Sorcerer
Tetsushi;Elyos;Sorcerer
Yoopernix;Elyos;Sorcerer
Dejnachoromcorke;Elyos;Sorcerer
Aolendra;Elyos;Sorcerer
Kiepo;Elyos;Sorcerer
Bleimagie;Elyos;Sorcerer
Aureylia;Elyos;Sorcerer
Dordhron;Elyos;Sorcerer
Balrogue;Elyos;Sorcerer
Komitoray;Elyos;Sorcerer
Ethlinn;Elyos;Sorcerer
Lopax;Elyos;Sorcerer
Lynxx;Elyos;Sorcerer
Hangover;Elyos;Sorcerer
Samaritain;Elyos;Sorcerer
Norie;Elyos;Sorcerer
Patentas;Elyos;Sorcerer
Eldatrone;Elyos;Spiritmaster
Akhya;Elyos;Spiritmaster
Sauce;Elyos;Spiritmaster
Reem;Elyos;Spiritmaster
Doodlze;Elyos;Spiritmaster
Zuzan;Elyos;Spiritmaster
Gangrenka;Elyos;Spiritmaster
Ellianor;Elyos;Spiritmaster
Kassia;Elyos;Spiritmaster
Vaela;Elyos;Spiritmaster
Morgomir;Elyos;Spiritmaster
Venetica;Elyos;Spiritmaster
Shikakaa;Elyos;Spiritmaster
Tomate;Elyos;Gladiator
Daygum;Elyos;Gladiator
Elliewilliams;Elyos;Gladiator
Slaanesh;Elyos;Gladiator
Nane;Elyos;Gladiator
Frozen;Elyos;Gladiator
Staticmo;Elyos;Gladiator
Fantoom;Elyos;Gladiator
Yqar;Elyos;Gladiator
Sabse;Elyos;Gladiator
Nezi;Elyos;Gladiator
Herez;Elyos;Gladiator
Razebaka;Elyos;Gladiator
Arkonha;Elyos;Gladiator
Tigerde;Elyos;Gladiator
Suzumia;Elyos;Gladiator
Berethord;Elyos;Templar
Deathclown;Elyos;Templar
Aimee;Elyos;Templar
Gallica;Elyos;Templar
Kempachi;Elyos;Templar
Lonesomestar;Elyos;Templar
Belladonner;Elyos;Templar
Sexovnatesciowa;Elyos;Cleric
Tears;Elyos;Cleric
Zerschmetterling;Elyos;Cleric
Magyster;Elyos;Cleric
Yein;Elyos;Cleric
Mamasan;Elyos;Cleric
Azuheal;Elyos;Cleric
Berryx;Elyos;Cleric
Powi;Elyos;Cleric
Taffy;Elyos;Cleric
Tana;Elyos;Cleric
Lillak;Elyos;Cleric
Zhyfa;Elyos;Cleric
Aja;Elyos;Cleric
Jerva;Elyos;Cleric
Darknessss;Elyos;Cleric
Vadoc;Elyos;Cleric
Dionysus;Elyos;Cleric
Hitfrau;Elyos;Cleric
Cadaci;Elyos;Cleric
Lalunia;Elyos;Cleric
Patres;Elyos;Cleric
Kayzuna;Elyos;Chanter
Nifhora;Elyos;Chanter
Archdemon;Elyos;Chanter
Velya;Elyos;Chanter
Kuzo;Elyos;Chanter
Overos;Elyos;Chanter
Felissa;Elyos;Chanter
Kiwatary;Elyos;Chanter
Kath;Elyos;Chanter
Ramm;Elyos;Chanter
Lyara;Elyos;Chanter
Seiji;Elyos;Chanter
Bloodghost;Elyos;Chanter
Nimerie;Elyos;Chanter
Kaelann;Elyos;Chanter
Khaede;Elyos;Chanter
Stridia;Elyos;Chanter
Nyathing;Elyos;Chanter
Kisses;Elyos;Chanter
Charamofais;Elyos;Chanter
Blue;Elyos;Ranger
Whitedevil;Elyos;Ranger
Laghertha;Elyos;Gladiator
Oldcoop;Elyos;Gladiator
Slishkomdaleko;Elyos;Templar
Kabinosa;Elyos;Templar
Leilys;Elyos;Templar
Warzone;Elyos;Templar
Padreco;Elyos;Cleric
Nesmee;Elyos;Cleric
Theheiron;Elyos;Cleric
Tierrial;Elyos;Cleric
Anaesthetic;Elyos;Cleric
Grevas;Elyos;Chanter
Vidmo;Elyos;Chanter
Nemeko;Elyos;Chanter
Tsukimi;Elyos;Chanter
Mogelzart;Elyos;Chanter
Soharo;Elyos;Chanter
Kifla;Elyos;Chanter
Azzmur;Elyos;Assassin
Kyouma;Elyos;Assassin
Eoy;Elyos;Assassin
Ranneck;Elyos;Assassin
Slaky;Elyos;Assassin
Xedys;Asmo;Assassin
Otto;Asmo;Assassin
Rahimov;Asmo;Assassin
Kaete;Asmo;Assassin
Docas;Elyos;Ranger
Mucheng;Elyos;Ranger
Venraa;Elyos;Ranger
Diaz;Elyos;Ranger
Roma;Elyos;Ranger
Kaminata;Elyos;Ranger
Willoww;Elyos;Ranger
Yunaaaaaaa;Elyos;Ranger
Yetxiu;Elyos;Ranger
Cuddlez;Elyos;Ranger
Feeels;Elyos;Ranger
Qatyra;Elyos;Ranger
Daketo;Elyos;Ranger
Kozumi;Elyos;Ranger
Kwu;Elyos;Sorcerer
Symtiax;Elyos;Sorcerer
Lpht;Elyos;Sorcerer
Fastvoice;Elyos;Sorcerer
Schorschel;Elyos;Sorcerer
Mitiobg;Elyos;Sorcerer
Mephiin;Elyos;Sorcerer
Cressdia;Elyos;Sorcerer
Scorch;Elyos;Sorcerer
Barbiiie;Elyos;Sorcerer
Tappselinchen;Elyos;Sorcerer
Pawtet;Elyos;Sorcerer
Viseris;Elyos;Sorcerer
Ayaaaaaaaaaaa;Elyos;Sorcerer
Melpheu;Elyos;Sorcerer
Justisia;Asmo;Sorcerer
Mausser;Asmo;Sorcerer
Morkos;Asmo;Sorcerer
Stup;Elyos;Spiritmaster
Skylight;Elyos;Spiritmaster
Esterhazy;Elyos;Spiritmaster
Whozyourdaddy;Elyos;Spiritmaster
Huldra;Elyos;Spiritmaster
Vivimortes;Elyos;Spiritmaster
Zazeal;Elyos;Spiritmaster
Zufi;Elyos;Spiritmaster
Iluzion;Elyos;Spiritmaster
Noxmar;Elyos;Spiritmaster
Spidernours;Elyos;Spiritmaster
Petitecouette;Elyos;Spiritmaster
Lazonidas;Elyos;Gladiator
Kinder;Elyos;Gladiator
Kukumi;Elyos;Gladiator
Greenbird;Elyos;Gladiator
Massacreking;Elyos;Gladiator
Hayugaa;Elyos;Gladiator
Pitifan;Elyos;Gladiator
Bylochka;Elyos;Gladiator
Ukyu;Elyos;Gladiator
Dreaming;Elyos;Gladiator
Pytonz;Elyos;Gladiator
Shigo;Elyos;Gladiator
Maxmustermann;Elyos;Gladiator
Typo;Elyos;Gladiator
Prezesss;Elyos;Gladiator
Bigpapi;Elyos;Gladiator
Yinu;Elyos;Gladiator
Vox;Asmo;Gladiator
Katsuk;Asmo;Gladiator
Yoric;Asmo;Gladiator
Mevio;Asmo;Gladiator
Exiz;Elyos;Templar
Cecekdohuby;Elyos;Templar
Lithi;Elyos;Templar
Kazto;Elyos;Templar
Duskbreaker;Elyos;Templar
Sajgon;Elyos;Templar
Dracki;Elyos;Templar
Jadedsky;Asmo;Templar
Gabokimox;Asmo;Templar
Armones;Asmo;Templar
Kalzaran;Asmo;Templar
Babac;Asmo;Templar
Glarion;Asmo;Templar
Gabrielle;Elyos;Cleric
Kasi;Elyos;Cleric
Strifall;Elyos;Cleric
Angevin;Elyos;Cleric
Xsdxsd;Elyos;Cleric
Summertimes;Elyos;Cleric
Hvae;Elyos;Cleric
Sevi;Elyos;Cleric
Tiilii;Elyos;Cleric
Jizoooooo;Elyos;Cleric
Banicler;Elyos;Cleric
Nainconnue;Elyos;Cleric
Semi;Elyos;Cleric
Liese;Elyos;Cleric
Celery;Elyos;Cleric
Nexaii;Elyos;Cleric
Gratisninja;Elyos;Cleric
Entalpi;Elyos;Cleric
Grosminoux;Asmo;Cleric
Lunnaa;Asmo;Cleric
Kianga;Asmo;Cleric
Telestia;Elyos;Chanter
Pusilias;Elyos;Chanter
Yunia;Elyos;Chanter
Nitsumy;Elyos;Chanter
Yvonne;Elyos;Chanter
Kno;Elyos;Chanter
Vaticano;Elyos;Chanter
Yezuizen;Elyos;Chanter
Lafaufau;Elyos;Chanter
Bloodyasmo;Elyos;Chanter
Harmorella;Elyos;Chanter
Orom;Elyos;Chanter
Noushka;Elyos;Chanter
Aiv;Asmo;Chanter
Stormsent;Asmo;Chanter
Juniperus;Asmo;Chanter
Kaii;Asmo;Chanter
Gentlefist;Asmo;Chanter
Rhabarberbarbara;Asmo;Chanter
Darksilent;Elyos;Cleric
Anyalie;Elyos;Cleric
Lostromos;Elyos;Cleric
Papasouza;Elyos;Cleric
Efie;Asmo;Cleric
Eclips;Elyos;Chanter
Kimiryu;Elyos;Chanter
Marshmallove;Asmo;Chanter
Katjakrasavice;Asmo;Ranger
Partyholder;Asmo;Ranger
Natsumiko;Asmo;Sorcerer
Sfsfsawf;Asmo;Gladiator
Burstdamage;Asmo;Gladiator
Criyo;Asmo;Gladiator
Kherti;Asmo;Gladiator
Wtfbbq;Asmo;Chanter
Buffbuff;Asmo;Chanter
Elihu;Asmo;Chanter
Alakin;Elyos;Assassin
Persa;Elyos;Assassin
Syk;Elyos;Ranger
Fuz;Elyos;Ranger
Exotika;Elyos;Sorcerer
Apraxia;Elyos;Sorcerer
Hasard;Elyos;Sorcerer
Masse;Elyos;Templar
Iroo;Elyos;Templar
Deiwen;Elyos;Chanter
Styxilf;Asmo;Cleric
Macka;Asmo;Cleric
Pocoloco;Asmo;Cleric
Manouka;Asmo;Cleric
Totoru;Asmo;Chanter
Krolewski;Asmo;Chanter
Crista;Asmo;Gladiator
Stock;Asmo;Ranger
Dfgertrtre;Asmo;Gladiator
Asfon;Asmo;Chanter
Evannia;Asmo;Ranger
Mopacye;Asmo;Ranger
Charuca;Asmo;Gladiator
Hidebunny;Asmo;Assassin
Skalpel;Asmo;Assassin
Knifedahaka;Asmo;Assassin
Bonqers;Asmo;Assassin
Mrgodlike;Asmo;Assassin
Disno;Asmo;Assassin
Spmf;Asmo;Assassin
Typhene;Asmo;Ranger
Shaazam;Asmo;Ranger
Silo;Asmo;Ranger
Slaras;Asmo;Ranger
Melka;Asmo;Ranger
Perfekt;Asmo;Ranger
Brokenarrow;Asmo;Ranger
Olass;Asmo;Ranger
Litika;Asmo;Sorcerer
Sofien;Asmo;Sorcerer
Veganos;Asmo;Sorcerer
Asmonessa;Asmo;Spiritmaster
Feardottod;Asmo;Spiritmaster
Hassaleh;Asmo;Spiritmaster
Akime;Asmo;Spiritmaster
Karmelito;Asmo;Spiritmaster
Erithi;Asmo;Spiritmaster
Desole;Asmo;Spiritmaster
Azzelll;Asmo;Spiritmaster
Knudsen;Asmo;Gladiator
Exeqter;Asmo;Gladiator
Dharr;Asmo;Gladiator
Varda;Asmo;Gladiator
Brathering;Asmo;Gladiator
Tanyagrohman;Asmo;Gladiator
Pigue;Asmo;Gladiator
Roxanuspetibuste;Asmo;Templar
Apheleia;Asmo;Templar
Nadreshan;Asmo;Templar
Cicios;Asmo;Templar
Sythvana;Asmo;Templar
Dschinni;Asmo;Cleric
Bybysya;Asmo;Cleric
Nylha;Asmo;Cleric
Limay;Asmo;Cleric
Shiyroi;Asmo;Cleric
Zuia;Asmo;Cleric
Vampi;Asmo;Cleric
Fourfinger;Asmo;Cleric
Missnobody;Asmo;Cleric
Aneesh;Asmo;Cleric
Achinoo;Asmo;Cleric
Annie;Asmo;Cleric
Okepao;Asmo;Cleric
Vulpix;Asmo;Cleric
Purplecleric;Asmo;Cleric
Tyfun;Asmo;Cleric
Flappy;Asmo;Chanter
Lizard;Asmo;Chanter
Arrrpi;Asmo;Chanter
Noreply;Asmo;Chanter
Tortuevorace;Asmo;Chanter
Cherioz;Asmo;Chanter
Germansilver;Asmo;Chanter
Rozick;Asmo;Sorcerer
Shadowofnight;Asmo;Gladiator
Pretoriano;Asmo;Chanter
Akabane;Asmo;Cleric
Luunacia;Asmo;Cleric
Elloco;Asmo;Assassin
Bumblebee;Asmo;Cleric
Liluel;Elyos;Assassin
Auntienopp;Elyos;Assassin
Illlllllllllllll;Elyos;Assassin
Svetliysunducnik;Elyos;Assassin
Darkrifle;Elyos;Assassin
Onehitko;Asmo;Assassin
Sarrysco;Asmo;Assassin
Zury;Asmo;Assassin
Mirry;Elyos;Ranger
Vegetto;Elyos;Ranger
Yazzou;Elyos;Ranger
Ellyy;Elyos;Ranger
Joshuan;Elyos;Ranger
Dimas;Elyos;Ranger
Stereo;Elyos;Ranger
Takide;Elyos;Ranger
Erberack;Elyos;Ranger
Lunastarr;Elyos;Ranger
Horion;Elyos;Ranger
Dustyc;Asmo;Ranger
Azor;Asmo;Ranger
Dukel;Asmo;Ranger
Bitschaka;Asmo;Ranger
Eliteran;Asmo;Ranger
Vallkyrie;Asmo;Ranger
Xaublau;Asmo;Ranger
Ema;Elyos;Sorcerer
Zlho;Elyos;Sorcerer
Semmelrogge;Elyos;Sorcerer
Jubs;Elyos;Sorcerer
Honeybeee;Elyos;Sorcerer
Sproxx;Elyos;Sorcerer
Starfall;Elyos;Sorcerer
Ivi;Elyos;Sorcerer
Kakymi;Elyos;Sorcerer
Dreenlife;Elyos;Sorcerer
Cartman;Asmo;Sorcerer
Skyvl;Asmo;Sorcerer
Kakei;Asmo;Sorcerer
Fxckmycrit;Asmo;Sorcerer
Unemployed;Asmo;Sorcerer
Gothmog;Asmo;Sorcerer
Tsoutsou;Asmo;Sorcerer
Civas;Asmo;Sorcerer
Tsukasaa;Asmo;Sorcerer
Permus;Asmo;Sorcerer
Gorivadu;Asmo;Sorcerer
Yhivi;Elyos;Spiritmaster
Ellisande;Elyos;Spiritmaster
Astrate;Elyos;Spiritmaster
Elyphia;Elyos;Spiritmaster
Griever;Elyos;Spiritmaster
Navicarf;Elyos;Spiritmaster
Sivul;Elyos;Spiritmaster
Shirayuki;Elyos;Spiritmaster
Kamcio;Elyos;Spiritmaster
Kur;Asmo;Spiritmaster
Summonwave;Asmo;Spiritmaster
Ccc;Asmo;Spiritmaster
Txchiunardo;Asmo;Spiritmaster
Trion;Asmo;Spiritmaster
Shakirka;Asmo;Spiritmaster
Qwkz;Asmo;Spiritmaster
Alyndia;Elyos;Gladiator
Zdzirka;Elyos;Gladiator
Drakko;Elyos;Gladiator
Leonith;Elyos;Gladiator
Tilian;Elyos;Gladiator
Abuserr;Elyos;Gladiator
Blindtiger;Asmo;Gladiator
Akainu;Asmo;Gladiator
Laris;Asmo;Gladiator
Hynay;Asmo;Gladiator
Lenla;Elyos;Templar
Jihyun;Elyos;Templar
Sandu;Elyos;Templar
Benjioph;Elyos;Templar
Anchilein;Elyos;Templar
Imonyou;Elyos;Templar
Thedeathgiver;Asmo;Templar
Putyograsseson;Asmo;Templar
Aslie;Elyos;Cleric
Yunchen;Elyos;Cleric
Bam;Elyos;Cleric
Armeteus;Elyos;Cleric
Melli;Elyos;Cleric
Valetina;Elyos;Cleric
Odeta;Elyos;Cleric
Calcifer;Elyos;Cleric
Zeahel;Elyos;Cleric
Queenbee;Elyos;Cleric
Legolidan;Elyos;Cleric
Tweety;Elyos;Cleric
Oursbleu;Elyos;Cleric
Amaltheia;Asmo;Cleric
Hiruchinuemoe;Asmo;Cleric
Redtiktok;Asmo;Cleric
Wandavision;Asmo;Cleric
Enisa;Asmo;Cleric
Carsan;Asmo;Cleric
Lisaiah;Elyos;Chanter
Chemsa;Elyos;Chanter
Gis;Elyos;Chanter
Seyuri;Elyos;Chanter
Soan;Elyos;Chanter
Fumei;Elyos;Chanter
Pheme;Elyos;Chanter
Kawett;Elyos;Chanter
Argantes;Elyos;Chanter
Kwi;Elyos;Chanter
Brunnhilde;Elyos;Chanter
Krapka;Elyos;Chanter
Chillady;Asmo;Chanter
Koynznel;Asmo;Chanter
Ariandel;Asmo;Chanter
Nightcrow;Asmo;Chanter
Winoria;Asmo;Chanter
Skrew;Elyos;Assassin
Moosad;Asmo;Assassin
Ichihollow;Elyos;Ranger
Bakagaming;Elyos;Ranger
Songosan;Elyos;Ranger
Ywhach;Asmo;Ranger
Nix;Elyos;Sorcerer
Ravenia;Elyos;Sorcerer
Chinny;Elyos;Spiritmaster
Elektre;Elyos;Spiritmaster
Nyerknyerk;Asmo;Spiritmaster
Mikeros;Asmo;Spiritmaster
Zohd;Asmo;Spiritmaster
Kaysphel;Elyos;Gladiator
Harrytwist;Elyos;Gladiator
Loelia;Elyos;Templar
Joalia;Elyos;Cleric
Petitnounou;Elyos;Cleric
Qxygen;Elyos;Ranger
Fearer;Elyos;Spiritmaster
Gigi;Elyos;Cleric
Rumkugel;Elyos;Chanter
Zemina;Elyos;Cleric
Horkios;Elyos;Cleric
Galleta;Elyos;Ranger
Lisian;Elyos;Assassin
Nights;Elyos;Cleric
Bestchantereu;Elyos;Chanter
Nymira;Elyos;Cleric
Tokudo;Asmo;Assassin
Tenacity;Asmo;Ranger
Zazou;Asmo;Ranger
Yuffi;Asmo;Ranger
Serraa;Asmo;Ranger
Nuvolari;Asmo;Ranger
Lellya;Asmo;Ranger
Firrion;Asmo;Ranger
Xmadloc;Asmo;Ranger
Sleepwalker;Asmo;Sorcerer
Aday;Asmo;Sorcerer
Akashka;Asmo;Sorcerer
Tso;Asmo;Sorcerer
Eblomesova;Asmo;Sorcerer
Deathdear;Asmo;Sorcerer
Sennija;Asmo;Sorcerer
Paiktaras;Asmo;Spiritmaster
Blex;Asmo;Spiritmaster
Arrioch;Asmo;Spiritmaster
Samnida;Asmo;Spiritmaster
Shikigami;Asmo;Spiritmaster
Jih;Asmo;Spiritmaster
Braindead;Asmo;Gladiator
Saito;Asmo;Gladiator
Ardatyakshi;Asmo;Gladiator
Mykoko;Asmo;Gladiator
Teku;Asmo;Gladiator
Beifong;Asmo;Cleric
Namika;Asmo;Cleric
Yersh;Asmo;Cleric
Seyta;Asmo;Cleric
Fluc;Asmo;Cleric
Epicfail;Asmo;Cleric
Reegina;Asmo;Cleric
Buferka;Asmo;Cleric
Szeszek;Asmo;Chanter
Azuuu;Asmo;Chanter
Kylee;Asmo;Ranger
Anerol;Asmo;Spiritmaster
Cuqx;Asmo;Cleric
Lavjoy;Asmo;Cleric
Lassoknecht;Elyos;Templar
Triumph;Elyos;Templar
Medical;Elyos;Templar
Drasian;Elyos;Templar
Tellaro;Elyos;Templar
Azm;Asmo;Assassin
Wulfang;Asmo;Assassin
Rosenrot;Asmo;Assassin
Incident;Asmo;Assassin
Zyklos;Asmo;Assassin
Jagang;Asmo;Assassin
Flac;Asmo;Ranger
Meraya;Asmo;Ranger
Deeka;Asmo;Ranger
Wavesama;Asmo;Ranger
Harrygersack;Asmo;Ranger
Jullen;Asmo;Ranger
Yanshira;Asmo;Ranger
Yequi;Asmo;Ranger
Arb;Asmo;Ranger
Ekoo;Asmo;Ranger
Norajay;Asmo;Ranger
Neeveeer;Asmo;Ranger
Ameerah;Asmo;Sorcerer
Burningblood;Asmo;Sorcerer
Nakitochi;Asmo;Sorcerer
Kiyashiki;Asmo;Sorcerer
Roark;Asmo;Sorcerer
Xarek;Asmo;Sorcerer
Rizska;Asmo;Sorcerer
Skarvea;Asmo;Sorcerer
Andrin;Asmo;Sorcerer
Magicbattlegirl;Asmo;Sorcerer
Eisvogel;Asmo;Sorcerer
Ilyrin;Asmo;Sorcerer
Lolobi;Asmo;Sorcerer
Eisial;Asmo;Spiritmaster
Firsttime;Asmo;Spiritmaster
Asukira;Asmo;Spiritmaster
Beschirba;Asmo;Spiritmaster
Harzfearr;Asmo;Spiritmaster
Kitsunee;Asmo;Spiritmaster
Stashi;Asmo;Spiritmaster
Santapwnz;Asmo;Spiritmaster
Nefera;Asmo;Spiritmaster
Aruffin;Asmo;Gladiator
Starcanum;Asmo;Gladiator
Stix;Asmo;Gladiator
Moriko;Asmo;Gladiator
Nuqin;Asmo;Gladiator
Heartless;Asmo;Gladiator
Drogos;Asmo;Gladiator
Kronna;Asmo;Gladiator
Lyserg;Asmo;Gladiator
Pelice;Asmo;Gladiator
Zehirmahnn;Asmo;Gladiator
Komurasaki;Asmo;Gladiator
Cataleyya;Asmo;Gladiator
Darkantonio;Asmo;Gladiator
Ork;Asmo;Gladiator
Debacle;Asmo;Gladiator
Mickael;Asmo;Gladiator
Noshina;Asmo;Templar
Bonereaper;Asmo;Templar
Lassaira;Asmo;Templar
Srze;Asmo;Templar
Linia;Asmo;Templar
Vinzz;Asmo;Templar
Flcl;Asmo;Templar
Yunales;Asmo;Templar
Velaris;Asmo;Templar
Hippo;Asmo;Templar
Brizburne;Asmo;Templar
Alecja;Asmo;Cleric
Bilax;Asmo;Cleric
Chikuy;Asmo;Cleric
Noxi;Asmo;Cleric
Sistiaa;Asmo;Cleric
Jaxx;Asmo;Cleric
Rammstein;Asmo;Cleric
Araamea;Asmo;Cleric
Kidagakash;Asmo;Cleric
Routeg;Asmo;Cleric
Kalinsi;Asmo;Cleric
Lordraiden;Asmo;Chanter
Ksarnus;Asmo;Chanter
Fauvina;Asmo;Chanter
Kalipsus;Asmo;Chanter
Willie;Asmo;Chanter
Takeko;Elyos;Ranger
Tones;Elyos;Ranger
Deeos;Elyos;Ranger
Simoiquiloufait;Elyos;Ranger
Morenis;Elyos;Sorcerer
Orangebud;Elyos;Sorcerer
Gingerbread;Elyos;Spiritmaster
Enaga;Elyos;Gladiator
Erodar;Elyos;Gladiator
Bursted;Elyos;Templar
Opasentip;Elyos;Templar
Bonami;Elyos;Cleric
Zoroarke;Elyos;Cleric
Anginka;Elyos;Cleric
Spear;Elyos;Cleric
Ligs;Elyos;Cleric
Demandepasdebuff;Elyos;Chanter
Smartises;Elyos;Chanter
Zyly;Elyos;Assassin
Chaosdimension;Asmo;Sorcerer
Machli;Elyos;Assassin
Ishigawa;Elyos;Assassin
Seaxyyy;Elyos;Assassin
Valcan;Elyos;Assassin
Nihtrider;Elyos;Assassin
Inorie;Elyos;Assassin
Amethea;Elyos;Assassin
Heilmichmal;Elyos;Assassin
Whitebeard;Asmo;Assassin
Assassinato;Asmo;Assassin
Stillnupe;Elyos;Ranger
Icons;Elyos;Ranger
Kisama;Elyos;Ranger
Kontaktspray;Elyos;Ranger
Ephedyne;Elyos;Ranger
Hawkmoon;Elyos;Ranger
Grojezus;Elyos;Ranger
Brixus;Elyos;Ranger
Baguncinha;Elyos;Ranger
Rodeurnonold;Elyos;Ranger
Liuliu;Elyos;Ranger
Uuukkk;Elyos;Ranger
Nearby;Asmo;Ranger
Zenty;Asmo;Ranger
Raknaroc;Asmo;Ranger
Tirapide;Asmo;Ranger
Percecoeur;Asmo;Ranger
Bartas;Asmo;Ranger
Saerah;Elyos;Sorcerer
Marsimus;Elyos;Sorcerer
Gavyn;Elyos;Sorcerer
Zyheee;Elyos;Sorcerer
Ivaness;Elyos;Sorcerer
Steerenbries;Elyos;Sorcerer
Salmandra;Elyos;Sorcerer
Xjokerx;Elyos;Sorcerer
Keelz;Elyos;Sorcerer
Karakito;Elyos;Sorcerer
Chendra;Elyos;Sorcerer
Morkor;Asmo;Sorcerer
Shaftik;Asmo;Sorcerer
Kiokuu;Asmo;Sorcerer
Sweetpotatocup;Elyos;Spiritmaster
Buzzfuzz;Elyos;Spiritmaster
Endy;Elyos;Spiritmaster
Namiele;Elyos;Spiritmaster
Loswing;Elyos;Spiritmaster
Braska;Elyos;Spiritmaster
Secondtwin;Elyos;Spiritmaster
Penkiii;Asmo;Spiritmaster
Kazian;Elyos;Gladiator
Skullbreaker;Elyos;Gladiator
Ragnarr;Elyos;Gladiator
Viriazz;Elyos;Gladiator
Hawkid;Elyos;Gladiator
Thorak;Elyos;Gladiator
Ziffiz;Elyos;Gladiator
Leafy;Elyos;Gladiator
Microbe;Elyos;Gladiator
Ryllakh;Elyos;Gladiator
Silverfoxx;Elyos;Templar
Mithry;Elyos;Templar
Radias;Elyos;Templar
Ironskin;Elyos;Templar
Antarez;Elyos;Templar
Alicia;Elyos;Templar
Seraphiin;Asmo;Templar
Godnext;Asmo;Templar
Caldi;Asmo;Templar
Sabikk;Asmo;Templar
Hestija;Elyos;Cleric
Vioxx;Elyos;Cleric
Leilane;Elyos;Cleric
Draknest;Elyos;Cleric
Zasa;Elyos;Cleric
Currysoppa;Elyos;Cleric
Thundaga;Elyos;Cleric
Alisha;Elyos;Cleric
Neferia;Elyos;Cleric
Rouret;Elyos;Cleric
Violla;Elyos;Cleric
Blackevil;Elyos;Cleric
Dorothy;Elyos;Cleric
Spritz;Elyos;Cleric
Nainain;Asmo;Cleric
Asteliel;Asmo;Cleric
Tsirlibithras;Asmo;Cleric
Fastasfkboy;Asmo;Cleric
Agrimario;Elyos;Chanter
Zbania;Elyos;Chanter
Jarka;Elyos;Chanter
Mikihiza;Elyos;Chanter
Shaadoh;Elyos;Chanter
Akounira;Elyos;Chanter
Tjaola;Asmo;Chanter
Seazor;Asmo;Chanter
Matikmistrz;Asmo;Chanter
Relancemoi;Asmo;Chanter
Guvi;Asmo;Chanter
Xsiko;Elyos;Ranger
Karolin;Elyos;Sorcerer
Heretik;Elyos;Spiritmaster
Potamia;Elyos;Templar
Gramiire;Elyos;Chanter
Binuki;Elyos;Chanter
Frenchfries;Asmo;Assassin
Java;Asmo;Assassin
Pawn;Asmo;Ranger
Bannerlord;Asmo;Ranger
Amethysx;Asmo;Ranger
Azurha;Asmo;Ranger
Havok;Asmo;Ranger
Gremliin;Asmo;Spiritmaster
Mrssneakysneaky;Asmo;Cleric
Hymera;Asmo;Cleric
Rekui;Asmo;Chanter
Exorcysm;Elyos;Assassin
Lolimetisse;Asmo;Assassin
Hecatharsis;Asmo;Assassin
Koh;Asmo;Ranger
Knamolil;Asmo;Ranger
Ladyspirit;Asmo;Ranger
Plushy;Asmo;Ranger
Sexycat;Asmo;Ranger
Dash;Asmo;Ranger
Lagin;Elyos;Sorcerer
Nxqu;Elyos;Sorcerer
Schnapsimaus;Asmo;Sorcerer
Cevapcici;Asmo;Sorcerer
Nervned;Asmo;Sorcerer
Zehff;Asmo;Sorcerer
Kobayashimaru;Asmo;Sorcerer
Rainblaster;Asmo;Sorcerer
Yarababa;Elyos;Spiritmaster
Ashikaga;Elyos;Spiritmaster
Smokedzio;Asmo;Spiritmaster
Mcpollo;Asmo;Spiritmaster
Edelwen;Asmo;Spiritmaster
Bjerx;Asmo;Gladiator
Neyomij;Asmo;Gladiator
Sherincal;Asmo;Gladiator
Miu;Asmo;Gladiator
Cyclons;Asmo;Gladiator
Jabroni;Asmo;Gladiator
Bassekiwi;Asmo;Templar
Kingofaion;Elyos;Cleric
Divini;Elyos;Cleric
Littles;Elyos;Cleric
Diefoodmaus;Asmo;Cleric
Redpriest;Asmo;Cleric
Icogrum;Asmo;Cleric
Lyunna;Asmo;Cleric
Kurpfuscher;Asmo;Cleric
Kumo;Asmo;Cleric
Elinex;Asmo;Cleric
Doli;Asmo;Cleric
Mingz;Asmo;Cleric
Wayline;Asmo;Cleric
Sinystrah;Asmo;Cleric
Joga;Elyos;Chanter
Fruttesss;Asmo;Chanter
Azpha;Asmo;Chanter
Knacker;Asmo;Chanter
Deshdemoda;Asmo;Chanter
Amazings;Elyos;Assassin
Grosac;Elyos;Assassin
Hellsin;Elyos;Assassin
Gex;Elyos;Assassin
Adamsapfel;Elyos;Assassin
Cherrycoke;Elyos;Assassin
Ursache;Asmo;Assassin
Selbia;Asmo;Assassin
Lythie;Asmo;Assassin
Kurodo;Asmo;Assassin
Caipi;Asmo;Assassin
Vah;Elyos;Ranger
Thelegend;Elyos;Ranger
Taeki;Elyos;Ranger
Protau;Elyos;Ranger
Varus;Elyos;Ranger
Stuny;Elyos;Ranger
Elbo;Elyos;Ranger
Tutnix;Elyos;Ranger
Melkoruchiwa;Elyos;Ranger
Liscus;Asmo;Ranger
Capitan;Asmo;Ranger
Ragus;Asmo;Ranger
Wurstenstein;Asmo;Ranger
Ayanamira;Asmo;Ranger
Batusai;Asmo;Ranger
Saintonyx;Asmo;Ranger
Tot;Elyos;Sorcerer
Genki;Elyos;Sorcerer
Zephine;Elyos;Sorcerer
Cas;Elyos;Sorcerer
Angevine;Elyos;Sorcerer
Ryusei;Elyos;Sorcerer
Eiskaltesfeechen;Elyos;Sorcerer
Cutieness;Elyos;Sorcerer
Ricardinho;Elyos;Sorcerer
Poterah;Asmo;Sorcerer
Shrobzl;Asmo;Sorcerer
Weezing;Asmo;Sorcerer
Carvings;Asmo;Sorcerer
Orange;Asmo;Sorcerer
Looklook;Asmo;Sorcerer
Spechti;Asmo;Sorcerer
Yero;Elyos;Spiritmaster
Whityy;Elyos;Spiritmaster
Aina;Elyos;Spiritmaster
Naranda;Elyos;Spiritmaster
Saintetspree;Elyos;Spiritmaster
Schonn;Elyos;Spiritmaster
Chiquiita;Elyos;Spiritmaster
Bayle;Asmo;Spiritmaster
Poulpe;Asmo;Spiritmaster
Tafari;Asmo;Spiritmaster
Smarties;Asmo;Spiritmaster
Slat;Asmo;Spiritmaster
Brodi;Asmo;Spiritmaster
Bowchick;Elyos;Gladiator
Kandal;Elyos;Gladiator
Ryn;Elyos;Gladiator
Orfeus;Elyos;Gladiator
Heraclion;Elyos;Gladiator
Kaidarts;Elyos;Gladiator
Creen;Asmo;Gladiator
Veryl;Asmo;Gladiator
Kaminasky;Asmo;Gladiator
Schneckzerker;Asmo;Gladiator
Artizan;Asmo;Gladiator
Neriphine;Elyos;Templar
Ichitoumou;Elyos;Templar
Saarthal;Elyos;Templar
Aldeberan;Elyos;Templar
Tankinator;Asmo;Templar
Gladdd;Asmo;Templar
Aym;Asmo;Templar
Rajarajan;Asmo;Templar
Protecteur;Asmo;Templar
Sdohniiliumri;Asmo;Templar
Lyco;Elyos;Cleric
Anglus;Elyos;Cleric
Blesss;Elyos;Cleric
Leonna;Elyos;Cleric
Yumiira;Elyos;Cleric
Kayoto;Elyos;Cleric
Raed;Elyos;Cleric
Chazy;Elyos;Cleric
Pimpcurry;Elyos;Cleric
Xhar;Elyos;Cleric
Eldawir;Elyos;Cleric
Belaria;Elyos;Cleric
Hankya;Elyos;Cleric
Pacha;Elyos;Cleric
Hatschipu;Elyos;Cleric
Ametia;Elyos;Cleric
Narita;Asmo;Cleric
Rara;Asmo;Cleric
Cygni;Asmo;Cleric
Meewlody;Asmo;Cleric
Cezira;Asmo;Cleric
Ferataxlz;Asmo;Cleric
Mimheal;Asmo;Cleric
Evelynn;Asmo;Cleric
Lizzyanja;Asmo;Cleric
Yahara;Elyos;Chanter
Bjutiful;Elyos;Chanter
Nanuni;Elyos;Chanter
Mightysupp;Elyos;Chanter
Zamara;Elyos;Chanter
Fofa;Elyos;Chanter
Dhelia;Elyos;Chanter
Rizal;Elyos;Chanter
Rubymagic;Elyos;Chanter
Annouk;Elyos;Chanter
Novie;Elyos;Chanter
Nomiaki;Elyos;Chanter
Zaidaks;Elyos;Chanter
Sanderson;Elyos;Chanter
Tsukyae;Asmo;Chanter
Nicerdicer;Asmo;Chanter
Khaliessa;Asmo;Chanter
Misatoryuga;Asmo;Chanter
Vegabuff;Asmo;Chanter
Astrasia;Asmo;Chanter
Mioko;Asmo;Chanter
Thealya;Elyos;Chanter
Gogolito;Elyos;Gladiator
Stormraven;Elyos;Spiritmaster
Silversin;Elyos;Assassin
Ned;Elyos;Assassin
Nze;Elyos;Spiritmaster
Pinacolada;Asmo;Cleric
Yasu;Asmo;Assassin
Huawei;Asmo;Ranger
Yshyr;Elyos;Assassin
Orazia;Elyos;Ranger
Magby;Elyos;Assassin
Yozo;Elyos;Assassin
Shikago;Elyos;Assassin
Bloodymarylu;Elyos;Assassin
Hirosin;Asmo;Assassin
Pewns;Asmo;Assassin
Saekoo;Asmo;Assassin
Naza;Elyos;Ranger
Mistx;Elyos;Ranger
Wariat;Elyos;Ranger
Bjun;Elyos;Ranger
Paranoja;Asmo;Ranger
Zhu;Asmo;Ranger
Garbus;Asmo;Ranger
Dodgethiz;Asmo;Ranger
Sycorax;Elyos;Sorcerer
Misukey;Elyos;Sorcerer
Hortensia;Elyos;Sorcerer
Dhalya;Elyos;Sorcerer
Akkupower;Elyos;Sorcerer
Scarletsedusa;Elyos;Sorcerer
Astrille;Elyos;Sorcerer
Seralin;Elyos;Sorcerer
Matildda;Elyos;Sorcerer
Kassane;Asmo;Sorcerer
Satuaria;Asmo;Sorcerer
Kahllan;Asmo;Sorcerer
Yumurij;Asmo;Sorcerer
Pivoqueen;Asmo;Sorcerer
Louphik;Asmo;Sorcerer
Mafinka;Elyos;Spiritmaster
Takmy;Elyos;Spiritmaster
Gocu;Elyos;Spiritmaster
Celosia;Elyos;Spiritmaster
Paspi;Elyos;Spiritmaster
Karula;Elyos;Spiritmaster
Antiochia;Elyos;Spiritmaster
Chilipasta;Elyos;Spiritmaster
Empereur;Asmo;Spiritmaster
Beastie;Asmo;Spiritmaster
Nemanya;Asmo;Spiritmaster
Bruno;Asmo;Spiritmaster
Malthes;Elyos;Gladiator
Name;Elyos;Gladiator
Airwaves;Elyos;Gladiator
Ayukami;Elyos;Gladiator
Bisa;Elyos;Gladiator
Neowildx;Elyos;Gladiator
Mykillmyers;Elyos;Gladiator
Tenji;Elyos;Gladiator
Heartbreaker;Elyos;Gladiator
Maximuss;Asmo;Gladiator
Cadamo;Asmo;Gladiator
Joyzzi;Asmo;Gladiator
Henkerin;Asmo;Gladiator
Senthinel;Asmo;Gladiator
Analee;Asmo;Gladiator
Zhulong;Elyos;Templar
Markus;Elyos;Templar
Dezznuts;Elyos;Templar
Loved;Elyos;Templar
Alchymist;Elyos;Templar
Toanda;Asmo;Templar
Lokys;Asmo;Templar
Fullmooneto;Asmo;Templar
Halyanna;Elyos;Cleric
Maniek;Elyos;Cleric
Unji;Elyos;Cleric
Minlay;Elyos;Cleric
Uni;Elyos;Cleric
Tuonella;Elyos;Cleric
Aisan;Elyos;Cleric
Shoopdawhoop;Elyos;Cleric
Chanirya;Elyos;Cleric
Illteri;Elyos;Cleric
Yuzuhi;Asmo;Cleric
Khealeuse;Asmo;Cleric
Espresso;Asmo;Cleric
Nervmal;Asmo;Cleric
Liiahra;Asmo;Cleric
Evellinn;Elyos;Chanter
Pfanner;Elyos;Chanter
Dianarider;Elyos;Chanter
Marenie;Elyos;Chanter
Ventorix;Elyos;Chanter
Lagost;Elyos;Chanter
Yathael;Elyos;Chanter
Khrysalis;Elyos;Chanter
Haylie;Elyos;Chanter
Reiju;Elyos;Chanter
Loranna;Elyos;Chanter
Becky;Elyos;Chanter
Skakutaalo;Asmo;Chanter
Ariala;Asmo;Chanter
Revned;Asmo;Chanter
Tear;Asmo;Cleric
Patisson;Elyos;Chanter
Ultrabyk;Elyos;Cleric
Acidburn;Elyos;Assassin
Ninpa;Elyos;Assassin
Plinto;Elyos;Assassin
Bazulya;Elyos;Assassin
Fortscza;Elyos;Assassin
Justinweaver;Asmo;Assassin
Maiae;Asmo;Assassin
Azoula;Asmo;Assassin
Raichu;Asmo;Assassin
Darkshadow;Asmo;Assassin
Utopiahaze;Asmo;Assassin
Neraly;Asmo;Assassin
Milagros;Asmo;Assassin
Trevorbelmont;Asmo;Assassin
Plsdonthateme;Elyos;Ranger
Syrous;Elyos;Ranger
Taeza;Asmo;Ranger
Viserres;Asmo;Ranger
Ciole;Asmo;Ranger
Lavachemilka;Asmo;Ranger
Dealer;Asmo;Ranger
Misterbebo;Asmo;Ranger
Sixfeetunder;Asmo;Ranger
Linwen;Asmo;Ranger
Supercool;Elyos;Sorcerer
Corvinus;Elyos;Sorcerer
Assignname;Elyos;Sorcerer
Nahhhh;Elyos;Sorcerer
Pitza;Elyos;Sorcerer
Tuchka;Elyos;Sorcerer
Finrod;Asmo;Sorcerer
Pokerqueen;Asmo;Sorcerer
Kurisu;Asmo;Sorcerer
Ltumage;Asmo;Sorcerer
Yvalik;Asmo;Sorcerer
Lordana;Asmo;Sorcerer
Silencestorm;Asmo;Sorcerer
Janis;Asmo;Sorcerer
Archimedes;Asmo;Sorcerer
Irs;Asmo;Sorcerer
Strelok;Asmo;Sorcerer
Angelika;Asmo;Sorcerer
Eliyah;Elyos;Spiritmaster
Eorn;Elyos;Spiritmaster
Denave;Elyos;Spiritmaster
Tronum;Asmo;Spiritmaster
Snooky;Asmo;Spiritmaster
Corvus;Asmo;Spiritmaster
Rotznase;Asmo;Spiritmaster
Yantra;Asmo;Spiritmaster
Asterea;Asmo;Spiritmaster
Giny;Asmo;Spiritmaster
Lumiina;Asmo;Spiritmaster
Apocindy;Asmo;Spiritmaster
Hinohikarisan;Elyos;Gladiator
Vanbeethoven;Elyos;Gladiator
Lumineha;Elyos;Gladiator
Rasky;Elyos;Gladiator
Yershag;Asmo;Gladiator
Capitainezoula;Asmo;Gladiator
Olivius;Asmo;Gladiator
Claymaker;Asmo;Gladiator
Letmeseesee;Asmo;Gladiator
Nightrider;Asmo;Gladiator
Spaxso;Asmo;Gladiator
Dwasdqw;Asmo;Gladiator
Dwdsawq;Asmo;Gladiator
Yojin;Asmo;Gladiator
Forgesteel;Elyos;Templar
Barbiiiie;Elyos;Templar
Illuvatar;Asmo;Templar
Inflagrantie;Asmo;Templar
Draphos;Asmo;Templar
Agathex;Asmo;Templar
Xanthius;Asmo;Templar
Tarkura;Asmo;Templar
Tikette;Asmo;Templar
Aghya;Elyos;Cleric
Marquesas;Elyos;Cleric
Lie;Elyos;Cleric
Sousouratha;Elyos;Cleric
Maitrechat;Elyos;Cleric
Regren;Elyos;Cleric
Itara;Elyos;Cleric
Zekhery;Elyos;Cleric
Dirtynympho;Asmo;Cleric
Gremlina;Asmo;Cleric
Arnne;Asmo;Cleric
Nilenya;Asmo;Cleric
Ibrah;Asmo;Cleric
Painless;Asmo;Cleric
Antarcticite;Asmo;Cleric
Kysani;Asmo;Cleric
Dumos;Asmo;Cleric
Kikitoutdur;Asmo;Cleric
Woelkchen;Asmo;Cleric
Maitreyoda;Asmo;Cleric
Iguro;Asmo;Cleric
Rezay;Asmo;Cleric
Primino;Asmo;Cleric
Litariel;Asmo;Cleric
Meirah;Asmo;Cleric
Neowild;Elyos;Chanter
Qeno;Elyos;Chanter
Atharisse;Elyos;Chanter
Tamara;Asmo;Chanter
Yenafee;Asmo;Chanter
Tattonka;Asmo;Chanter
Ymo;Asmo;Chanter
Adycia;Asmo;Chanter
Cosia;Asmo;Chanter
Devie;Asmo;Chanter
Zrx;Asmo;Chanter
Meliritos;Asmo;Chanter
Chacalou;Elyos;Assassin
Bahuras;Elyos;Assassin
Joex;Elyos;Sorcerer
Varesh;Elyos;Sorcerer
Phaeton;Elyos;Sorcerer
Marlboroo;Elyos;Cleric
Tonikas;Elyos;Cleric
Tytreyn;Elyos;Cleric
Holyzel;Elyos;Cleric
Odeissa;Elyos;Cleric
Archun;Elyos;Chanter
Rynfernal;Elyos;Chanter
Enchant;Elyos;Chanter
Kleinerna;Elyos;Chanter
